[     302ms] [INFO] %cDownload the React DevTools for a better development experience: https://react.dev/link/react-devtools font-weight:bold @ http://localhost:3000/_next/static/chunks/88bef_next_dist_e00fd810._.js:2287
[     411ms] [LOG] [HMR] connected @ http://localhost:3000/_next/static/chunks/88bef_next_dist_e00fd810._.js:2287
[   73957ms] [INFO] %cDownload the React DevTools for a better development experience: https://react.dev/link/react-devtools font-weight:bold @ http://localhost:3000/_next/static/chunks/88bef_next_dist_e00fd810._.js:2287
[   74000ms] [LOG] [HMR] connected @ http://localhost:3000/_next/static/chunks/88bef_next_dist_e00fd810._.js:2287
[  445487ms] [LOG] [Fast Refresh] rebuilding @ http://localhost:3000/_next/static/chunks/88bef_next_dist_e00fd810._.js:2287
[  446007ms] [LOG] [Fast Refresh] done in 592ms @ http://localhost:3000/_next/static/chunks/88bef_next_dist_e00fd810._.js:2287
[  446025ms] ReferenceError: scrollState is not defined
    at Planet.useFrame [as current] (http://localhost:3000/_next/static/chunks/Desktop_portfolio-mission-control_src_9c666b12._.js?id=%255Bproject%255D%252FDesktop%252Fportfolio-mission-control%252Fsrc%252Fcomponents%252Fscene%252FPlanet.jsx+%255Bapp-client%255D+%2528ecmascript%2529:194:250)
    at update (http://localhost:3000/_next/static/chunks/88bef_%40react-three_fiber_dist_a53eb1a6._.js:2261:26)
    at loop (http://localhost:3000/_next/static/chunks/88bef_%40react-three_fiber_dist_a53eb1a6._.js:2287:23)
[  446203ms] ReferenceError: scrollState is not defined
    at Planet.useFrame [as current] (http://localhost:3000/_next/static/chunks/Desktop_portfolio-mission-control_src_9c666b12._.js?id=%255Bproject%255D%252FDesktop%252Fportfolio-mission-control%252Fsrc%252Fcomponents%252Fscene%252FPlanet.jsx+%255Bapp-client%255D+%2528ecmascript%2529:194:250)
    at update (http://localhost:3000/_next/static/chunks/88bef_%40react-three_fiber_dist_a53eb1a6._.js:2261:26)
    at loop (http://localhost:3000/_next/static/chunks/88bef_%40react-three_fiber_dist_a53eb1a6._.js:2287:23)
[  446615ms] ReferenceError: scrollState is not defined
    at Planet.useFrame [as current] (http://localhost:3000/_next/static/chunks/Desktop_portfolio-mission-control_src_9c666b12._.js?id=%255Bproject%255D%252FDesktop%252Fportfolio-mission-control%252Fsrc%252Fcomponents%252Fscene%252FPlanet.jsx+%255Bapp-client%255D+%2528ecmascript%2529:194:250)
    at update (http://localhost:3000/_next/static/chunks/88bef_%40react-three_fiber_dist_a53eb1a6._.js:2261:26)
    at loop (http://localhost:3000/_next/static/chunks/88bef_%40react-three_fiber_dist_a53eb1a6._.js:2287:23)
[  446627ms] ReferenceError: scrollState is not defined
    at Planet.useFrame [as current] (http://localhost:3000/_next/static/chunks/Desktop_portfolio-mission-control_src_9c666b12._.js?id=%255Bproject%255D%252FDesktop%252Fportfolio-mission-control%252Fsrc%252Fcomponents%252Fscene%252FPlanet.jsx+%255Bapp-client%255D+%2528ecmascript%2529:194:250)
    at update (http://localhost:3000/_next/static/chunks/88bef_%40react-three_fiber_dist_a53eb1a6._.js:2261:26)
    at loop (http://localhost:3000/_next/static/chunks/88bef_%40react-three_fiber_dist_a53eb1a6._.js:2287:23)
[  446641ms] ReferenceError: scrollState is not defined
    at Planet.useFrame [as current] (http://localhost:3000/_next/static/chunks/Desktop_portfolio-mission-control_src_9c666b12._.js?id=%255Bproject%255D%252FDesktop%252Fportfolio-mission-control%252Fsrc%252Fcomponents%252Fscene%252FPlanet.jsx+%255Bapp-client%255D+%2528ecmascript%2529:194:250)
    at update (http://localhost:3000/_next/static/chunks/88bef_%40react-three_fiber_dist_a53eb1a6._.js:2261:26)
    at loop (http://localhost:3000/_next/static/chunks/88bef_%40react-three_fiber_dist_a53eb1a6._.js:2287:23)
[  446655ms] ReferenceError: scrollState is not defined
    at Planet.useFrame [as current] (http://localhost:3000/_next/static/chunks/Desktop_portfolio-mission-control_src_9c666b12._.js?id=%255Bproject%255D%252FDesktop%252Fportfolio-mission-control%252Fsrc%252Fcomponents%252Fscene%252FPlanet.jsx+%255Bapp-client%255D+%2528ecmascript%2529:194:250)
    at update (http://localhost:3000/_next/static/chunks/88bef_%40react-three_fiber_dist_a53eb1a6._.js:2261:26)
    at loop (http://localhost:3000/_next/static/chunks/88bef_%40react-three_fiber_dist_a53eb1a6._.js:2287:23)
[  446667ms] ReferenceError: scrollState is not defined
    at Planet.useFrame [as current] (http://localhost:3000/_next/static/chunks/Desktop_portfolio-mission-control_src_9c666b12._.js?id=%255Bproject%255D%252FDesktop%252Fportfolio-mission-control%252Fsrc%252Fcomponents%252Fscene%252FPlanet.jsx+%255Bapp-client%255D+%2528ecmascript%2529:194:250)
    at update (http://localhost:3000/_next/static/chunks/88bef_%40react-three_fiber_dist_a53eb1a6._.js:2261:26)
    at loop (http://localhost:3000/_next/static/chunks/88bef_%40react-three_fiber_dist_a53eb1a6._.js:2287:23)
[  446680ms] ReferenceError: scrollState is not defined
    at Planet.useFrame [as current] (http://localhost:3000/_next/static/chunks/Desktop_portfolio-mission-control_src_9c666b12._.js?id=%255Bproject%255D%252FDesktop%252Fportfolio-mission-control%252Fsrc%252Fcomponents%252Fscene%252FPlanet.jsx+%255Bapp-client%255D+%2528ecmascript%2529:194:250)
    at update (http://localhost:3000/_next/static/chunks/88bef_%40react-three_fiber_dist_a53eb1a6._.js:2261:26)
    at loop (http://localhost:3000/_next/static/chunks/88bef_%40react-three_fiber_dist_a53eb1a6._.js:2287:23)
[  446694ms] ReferenceError: scrollState is not defined
    at Planet.useFrame [as current] (http://localhost:3000/_next/static/chunks/Desktop_portfolio-mission-control_src_9c666b12._.js?id=%255Bproject%255D%252FDesktop%252Fportfolio-mission-control%252Fsrc%252Fcomponents%252Fscene%252FPlanet.jsx+%255Bapp-client%255D+%2528ecmascript%2529:194:250)
    at update (http://localhost:3000/_next/static/chunks/88bef_%40react-three_fiber_dist_a53eb1a6._.js:2261:26)
    at loop (http://localhost:3000/_next/static/chunks/88bef_%40react-three_fiber_dist_a53eb1a6._.js:2287:23)
[  446707ms] ReferenceError: scrollState is not defined
    at Planet.useFrame [as current] (http://localhost:3000/_next/static/chunks/Desktop_portfolio-mission-control_src_9c666b12._.js?id=%255Bproject%255D%252FDesktop%252Fportfolio-mission-control%252Fsrc%252Fcomponents%252Fscene%252FPlanet.jsx+%255Bapp-client%255D+%2528ecmascript%2529:194:250)
    at update (http://localhost:3000/_next/static/chunks/88bef_%40react-three_fiber_dist_a53eb1a6._.js:2261:26)
    at loop (http://localhost:3000/_next/static/chunks/88bef_%40react-three_fiber_dist_a53eb1a6._.js:2287:23)
[  446720ms] ReferenceError: scrollState is not defined
    at Planet.useFrame [as current] (http://localhost:3000/_next/static/chunks/Desktop_portfolio-mission-control_src_9c666b12._.js?id=%255Bproject%255D%252FDesktop%252Fportfolio-mission-control%252Fsrc%252Fcomponents%252Fscene%252FPlanet.jsx+%255Bapp-client%255D+%2528ecmascript%2529:194:250)
    at update (http://localhost:3000/_next/static/chunks/88bef_%40react-three_fiber_dist_a53eb1a6._.js:2261:26)
    at loop (http://localhost:3000/_next/static/chunks/88bef_%40react-three_fiber_dist_a53eb1a6._.js:2287:23)
[  446733ms] ReferenceError: scrollState is not defined
    at Planet.useFrame [as current] (http://localhost:3000/_next/static/chunks/Desktop_portfolio-mission-control_src_9c666b12._.js?id=%255Bproject%255D%252FDesktop%252Fportfolio-mission-control%252Fsrc%252Fcomponents%252Fscene%252FPlanet.jsx+%255Bapp-client%255D+%2528ecmascript%2529:194:250)
    at update (http://localhost:3000/_next/static/chunks/88bef_%40react-three_fiber_dist_a53eb1a6._.js:2261:26)
    at loop (http://localhost:3000/_next/static/chunks/88bef_%40react-three_fiber_dist_a53eb1a6._.js:2287:23)
[  446747ms] ReferenceError: scrollState is not defined
    at Planet.useFrame [as current] (http://localhost:3000/_next/static/chunks/Desktop_portfolio-mission-control_src_9c666b12._.js?id=%255Bproject%255D%252FDesktop%252Fportfolio-mission-control%252Fsrc%252Fcomponents%252Fscene%252FPlanet.jsx+%255Bapp-client%255D+%2528ecmascript%2529:194:250)
    at update (http://localhost:3000/_next/static/chunks/88bef_%40react-three_fiber_dist_a53eb1a6._.js:2261:26)
    at loop (http://localhost:3000/_next/static/chunks/88bef_%40react-three_fiber_dist_a53eb1a6._.js:2287:23)
[  446760ms] ReferenceError: scrollState is not defined
    at Planet.useFrame [as current] (http://localhost:3000/_next/static/chunks/Desktop_portfolio-mission-control_src_9c666b12._.js?id=%255Bproject%255D%252FDesktop%252Fportfolio-mission-control%252Fsrc%252Fcomponents%252Fscene%252FPlanet.jsx+%255Bapp-client%255D+%2528ecmascript%2529:194:250)
    at update (http://localhost:3000/_next/static/chunks/88bef_%40react-three_fiber_dist_a53eb1a6._.js:2261:26)
    at loop (http://localhost:3000/_next/static/chunks/88bef_%40react-three_fiber_dist_a53eb1a6._.js:2287:23)
[  446774ms] ReferenceError: scrollState is not defined
    at Planet.useFrame [as current] (http://localhost:3000/_next/static/chunks/Desktop_portfolio-mission-control_src_9c666b12._.js?id=%255Bproject%255D%252FDesktop%252Fportfolio-mission-control%252Fsrc%252Fcomponents%252Fscene%252FPlanet.jsx+%255Bapp-client%255D+%2528ecmascript%2529:194:250)
    at update (http://localhost:3000/_next/static/chunks/88bef_%40react-three_fiber_dist_a53eb1a6._.js:2261:26)
    at loop (http://localhost:3000/_next/static/chunks/88bef_%40react-three_fiber_dist_a53eb1a6._.js:2287:23)
[  446787ms] ReferenceError: scrollState is not defined
    at Planet.useFrame [as current] (http://localhost:3000/_next/static/chunks/Desktop_portfolio-mission-control_src_9c666b12._.js?id=%255Bproject%255D%252FDesktop%252Fportfolio-mission-control%252Fsrc%252Fcomponents%252Fscene%252FPlanet.jsx+%255Bapp-client%255D+%2528ecmascript%2529:194:250)
    at update (http://localhost:3000/_next/static/chunks/88bef_%40react-three_fiber_dist_a53eb1a6._.js:2261:26)
    at loop (http://localhost:3000/_next/static/chunks/88bef_%40react-three_fiber_dist_a53eb1a6._.js:2287:23)
[  446800ms] ReferenceError: scrollState is not defined
    at Planet.useFrame [as current] (http://localhost:3000/_next/static/chunks/Desktop_portfolio-mission-control_src_9c666b12._.js?id=%255Bproject%255D%252FDesktop%252Fportfolio-mission-control%252Fsrc%252Fcomponents%252Fscene%252FPlanet.jsx+%255Bapp-client%255D+%2528ecmascript%2529:194:250)
    at update (http://localhost:3000/_next/static/chunks/88bef_%40react-three_fiber_dist_a53eb1a6._.js:2261:26)
    at loop (http://localhost:3000/_next/static/chunks/88bef_%40react-three_fiber_dist_a53eb1a6._.js:2287:23)
[  446814ms] ReferenceError: scrollState is not defined
    at Planet.useFrame [as current] (http://localhost:3000/_next/static/chunks/Desktop_portfolio-mission-control_src_9c666b12._.js?id=%255Bproject%255D%252FDesktop%252Fportfolio-mission-control%252Fsrc%252Fcomponents%252Fscene%252FPlanet.jsx+%255Bapp-client%255D+%2528ecmascript%2529:194:250)
    at update (http://localhost:3000/_next/static/chunks/88bef_%40react-three_fiber_dist_a53eb1a6._.js:2261:26)
    at loop (http://localhost:3000/_next/static/chunks/88bef_%40react-three_fiber_dist_a53eb1a6._.js:2287:23)
[  446827ms] ReferenceError: scrollState is not defined
    at Planet.useFrame [as current] (http://localhost:3000/_next/static/chunks/Desktop_portfolio-mission-control_src_9c666b12._.js?id=%255Bproject%255D%252FDesktop%252Fportfolio-mission-control%252Fsrc%252Fcomponents%252Fscene%252FPlanet.jsx+%255Bapp-client%255D+%2528ecmascript%2529:194:250)
    at update (http://localhost:3000/_next/static/chunks/88bef_%40react-three_fiber_dist_a53eb1a6._.js:2261:26)
    at loop (http://localhost:3000/_next/static/chunks/88bef_%40react-three_fiber_dist_a53eb1a6._.js:2287:23)
[  446840ms] ReferenceError: scrollState is not defined
    at Planet.useFrame [as current] (http://localhost:3000/_next/static/chunks/Desktop_portfolio-mission-control_src_9c666b12._.js?id=%255Bproject%255D%252FDesktop%252Fportfolio-mission-control%252Fsrc%252Fcomponents%252Fscene%252FPlanet.jsx+%255Bapp-client%255D+%2528ecmascript%2529:194:250)
    at update (http://localhost:3000/_next/static/chunks/88bef_%40react-three_fiber_dist_a53eb1a6._.js:2261:26)
    at loop (http://localhost:3000/_next/static/chunks/88bef_%40react-three_fiber_dist_a53eb1a6._.js:2287:23)
[  446854ms] ReferenceError: scrollState is not defined
    at Planet.useFrame [as current] (http://localhost:3000/_next/static/chunks/Desktop_portfolio-mission-control_src_9c666b12._.js?id=%255Bproject%255D%252FDesktop%252Fportfolio-mission-control%252Fsrc%252Fcomponents%252Fscene%252FPlanet.jsx+%255Bapp-client%255D+%2528ecmascript%2529:194:250)
    at update (http://localhost:3000/_next/static/chunks/88bef_%40react-three_fiber_dist_a53eb1a6._.js:2261:26)
    at loop (http://localhost:3000/_next/static/chunks/88bef_%40react-three_fiber_dist_a53eb1a6._.js:2287:23)
[  446867ms] ReferenceError: scrollState is not defined
    at Planet.useFrame [as current] (http://localhost:3000/_next/static/chunks/Desktop_portfolio-mission-control_src_9c666b12._.js?id=%255Bproject%255D%252FDesktop%252Fportfolio-mission-control%252Fsrc%252Fcomponents%252Fscene%252FPlanet.jsx+%255Bapp-client%255D+%2528ecmascript%2529:194:250)
    at update (http://localhost:3000/_next/static/chunks/88bef_%40react-three_fiber_dist_a53eb1a6._.js:2261:26)
    at loop (http://localhost:3000/_next/static/chunks/88bef_%40react-three_fiber_dist_a53eb1a6._.js:2287:23)
[  446880ms] ReferenceError: scrollState is not defined
    at Planet.useFrame [as current] (http://localhost:3000/_next/static/chunks/Desktop_portfolio-mission-control_src_9c666b12._.js?id=%255Bproject%255D%252FDesktop%252Fportfolio-mission-control%252Fsrc%252Fcomponents%252Fscene%252FPlanet.jsx+%255Bapp-client%255D+%2528ecmascript%2529:194:250)
    at update (http://localhost:3000/_next/static/chunks/88bef_%40react-three_fiber_dist_a53eb1a6._.js:2261:26)
    at loop (http://localhost:3000/_next/static/chunks/88bef_%40react-three_fiber_dist_a53eb1a6._.js:2287:23)
[  446893ms] ReferenceError: scrollState is not defined
    at Planet.useFrame [as current] (http://localhost:3000/_next/static/chunks/Desktop_portfolio-mission-control_src_9c666b12._.js?id=%255Bproject%255D%252FDesktop%252Fportfolio-mission-control%252Fsrc%252Fcomponents%252Fscene%252FPlanet.jsx+%255Bapp-client%255D+%2528ecmascript%2529:194:250)
    at update (http://localhost:3000/_next/static/chunks/88bef_%40react-three_fiber_dist_a53eb1a6._.js:2261:26)
    at loop (http://localhost:3000/_next/static/chunks/88bef_%40react-three_fiber_dist_a53eb1a6._.js:2287:23)
[  446906ms] ReferenceError: scrollState is not defined
    at Planet.useFrame [as current] (http://localhost:3000/_next/static/chunks/Desktop_portfolio-mission-control_src_9c666b12._.js?id=%255Bproject%255D%252FDesktop%252Fportfolio-mission-control%252Fsrc%252Fcomponents%252Fscene%252FPlanet.jsx+%255Bapp-client%255D+%2528ecmascript%2529:194:250)
    at update (http://localhost:3000/_next/static/chunks/88bef_%40react-three_fiber_dist_a53eb1a6._.js:2261:26)
    at loop (http://localhost:3000/_next/static/chunks/88bef_%40react-three_fiber_dist_a53eb1a6._.js:2287:23)
[  446920ms] ReferenceError: scrollState is not defined
    at Planet.useFrame [as current] (http://localhost:3000/_next/static/chunks/Desktop_portfolio-mission-control_src_9c666b12._.js?id=%255Bproject%255D%252FDesktop%252Fportfolio-mission-control%252Fsrc%252Fcomponents%252Fscene%252FPlanet.jsx+%255Bapp-client%255D+%2528ecmascript%2529:194:250)
    at update (http://localhost:3000/_next/static/chunks/88bef_%40react-three_fiber_dist_a53eb1a6._.js:2261:26)
    at loop (http://localhost:3000/_next/static/chunks/88bef_%40react-three_fiber_dist_a53eb1a6._.js:2287:23)
[  446934ms] ReferenceError: scrollState is not defined
    at Planet.useFrame [as current] (http://localhost:3000/_next/static/chunks/Desktop_portfolio-mission-control_src_9c666b12._.js?id=%255Bproject%255D%252FDesktop%252Fportfolio-mission-control%252Fsrc%252Fcomponents%252Fscene%252FPlanet.jsx+%255Bapp-client%255D+%2528ecmascript%2529:194:250)
    at update (http://localhost:3000/_next/static/chunks/88bef_%40react-three_fiber_dist_a53eb1a6._.js:2261:26)
    at loop (http://localhost:3000/_next/static/chunks/88bef_%40react-three_fiber_dist_a53eb1a6._.js:2287:23)
[  446947ms] ReferenceError: scrollState is not defined
    at Planet.useFrame [as current] (http://localhost:3000/_next/static/chunks/Desktop_portfolio-mission-control_src_9c666b12._.js?id=%255Bproject%255D%252FDesktop%252Fportfolio-mission-control%252Fsrc%252Fcomponents%252Fscene%252FPlanet.jsx+%255Bapp-client%255D+%2528ecmascript%2529:194:250)
    at update (http://localhost:3000/_next/static/chunks/88bef_%40react-three_fiber_dist_a53eb1a6._.js:2261:26)
    at loop (http://localhost:3000/_next/static/chunks/88bef_%40react-three_fiber_dist_a53eb1a6._.js:2287:23)
[  446961ms] ReferenceError: scrollState is not defined
    at Planet.useFrame [as current] (http://localhost:3000/_next/static/chunks/Desktop_portfolio-mission-control_src_9c666b12._.js?id=%255Bproject%255D%252FDesktop%252Fportfolio-mission-control%252Fsrc%252Fcomponents%252Fscene%252FPlanet.jsx+%255Bapp-client%255D+%2528ecmascript%2529:194:250)
    at update (http://localhost:3000/_next/static/chunks/88bef_%40react-three_fiber_dist_a53eb1a6._.js:2261:26)
    at loop (http://localhost:3000/_next/static/chunks/88bef_%40react-three_fiber_dist_a53eb1a6._.js:2287:23)
[  446973ms] ReferenceError: scrollState is not defined
    at Planet.useFrame [as current] (http://localhost:3000/_next/static/chunks/Desktop_portfolio-mission-control_src_9c666b12._.js?id=%255Bproject%255D%252FDesktop%252Fportfolio-mission-control%252Fsrc%252Fcomponents%252Fscene%252FPlanet.jsx+%255Bapp-client%255D+%2528ecmascript%2529:194:250)
    at update (http://localhost:3000/_next/static/chunks/88bef_%40react-three_fiber_dist_a53eb1a6._.js:2261:26)
    at loop (http://localhost:3000/_next/static/chunks/88bef_%40react-three_fiber_dist_a53eb1a6._.js:2287:23)
[  446989ms] ReferenceError: scrollState is not defined
    at Planet.useFrame [as current] (http://localhost:3000/_next/static/chunks/Desktop_portfolio-mission-control_src_9c666b12._.js?id=%255Bproject%255D%252FDesktop%252Fportfolio-mission-control%252Fsrc%252Fcomponents%252Fscene%252FPlanet.jsx+%255Bapp-client%255D+%2528ecmascript%2529:194:250)
    at update (http://localhost:3000/_next/static/chunks/88bef_%40react-three_fiber_dist_a53eb1a6._.js:2261:26)
    at loop (http://localhost:3000/_next/static/chunks/88bef_%40react-three_fiber_dist_a53eb1a6._.js:2287:23)
[  447003ms] ReferenceError: scrollState is not defined
    at Planet.useFrame [as current] (http://localhost:3000/_next/static/chunks/Desktop_portfolio-mission-control_src_9c666b12._.js?id=%255Bproject%255D%252FDesktop%252Fportfolio-mission-control%252Fsrc%252Fcomponents%252Fscene%252FPlanet.jsx+%255Bapp-client%255D+%2528ecmascript%2529:194:250)
    at update (http://localhost:3000/_next/static/chunks/88bef_%40react-three_fiber_dist_a53eb1a6._.js:2261:26)
    at loop (http://localhost:3000/_next/static/chunks/88bef_%40react-three_fiber_dist_a53eb1a6._.js:2287:23)
[  447013ms] ReferenceError: scrollState is not defined
    at Planet.useFrame [as current] (http://localhost:3000/_next/static/chunks/Desktop_portfolio-mission-control_src_9c666b12._.js?id=%255Bproject%255D%252FDesktop%252Fportfolio-mission-control%252Fsrc%252Fcomponents%252Fscene%252FPlanet.jsx+%255Bapp-client%255D+%2528ecmascript%2529:194:250)
    at update (http://localhost:3000/_next/static/chunks/88bef_%40react-three_fiber_dist_a53eb1a6._.js:2261:26)
    at loop (http://localhost:3000/_next/static/chunks/88bef_%40react-three_fiber_dist_a53eb1a6._.js:2287:23)
[  447027ms] ReferenceError: scrollState is not defined
    at Planet.useFrame [as current] (http://localhost:3000/_next/static/chunks/Desktop_portfolio-mission-control_src_9c666b12._.js?id=%255Bproject%255D%252FDesktop%252Fportfolio-mission-control%252Fsrc%252Fcomponents%252Fscene%252FPlanet.jsx+%255Bapp-client%255D+%2528ecmascript%2529:194:250)
    at update (http://localhost:3000/_next/static/chunks/88bef_%40react-three_fiber_dist_a53eb1a6._.js:2261:26)
    at loop (http://localhost:3000/_next/static/chunks/88bef_%40react-three_fiber_dist_a53eb1a6._.js:2287:23)
[  447041ms] ReferenceError: scrollState is not defined
    at Planet.useFrame [as current] (http://localhost:3000/_next/static/chunks/Desktop_portfolio-mission-control_src_9c666b12._.js?id=%255Bproject%255D%252FDesktop%252Fportfolio-mission-control%252Fsrc%252Fcomponents%252Fscene%252FPlanet.jsx+%255Bapp-client%255D+%2528ecmascript%2529:194:250)
    at update (http://localhost:3000/_next/static/chunks/88bef_%40react-three_fiber_dist_a53eb1a6._.js:2261:26)
    at loop (http://localhost:3000/_next/static/chunks/88bef_%40react-three_fiber_dist_a53eb1a6._.js:2287:23)
[  447056ms] ReferenceError: scrollState is not defined
    at Planet.useFrame [as current] (http://localhost:3000/_next/static/chunks/Desktop_portfolio-mission-control_src_9c666b12._.js?id=%255Bproject%255D%252FDesktop%252Fportfolio-mission-control%252Fsrc%252Fcomponents%252Fscene%252FPlanet.jsx+%255Bapp-client%255D+%2528ecmascript%2529:194:250)
    at update (http://localhost:3000/_next/static/chunks/88bef_%40react-three_fiber_dist_a53eb1a6._.js:2261:26)
    at loop (http://localhost:3000/_next/static/chunks/88bef_%40react-three_fiber_dist_a53eb1a6._.js:2287:23)
[  447073ms] ReferenceError: scrollState is not defined
    at Planet.useFrame [as current] (http://localhost:3000/_next/static/chunks/Desktop_portfolio-mission-control_src_9c666b12._.js?id=%255Bproject%255D%252FDesktop%252Fportfolio-mission-control%252Fsrc%252Fcomponents%252Fscene%252FPlanet.jsx+%255Bapp-client%255D+%2528ecmascript%2529:194:250)
    at update (http://localhost:3000/_next/static/chunks/88bef_%40react-three_fiber_dist_a53eb1a6._.js:2261:26)
    at loop (http://localhost:3000/_next/static/chunks/88bef_%40react-three_fiber_dist_a53eb1a6._.js:2287:23)
[  447080ms] ReferenceError: scrollState is not defined
    at Planet.useFrame [as current] (http://localhost:3000/_next/static/chunks/Desktop_portfolio-mission-control_src_9c666b12._.js?id=%255Bproject%255D%252FDesktop%252Fportfolio-mission-control%252Fsrc%252Fcomponents%252Fscene%252FPlanet.jsx+%255Bapp-client%255D+%2528ecmascript%2529:194:250)
    at update (http://localhost:3000/_next/static/chunks/88bef_%40react-three_fiber_dist_a53eb1a6._.js:2261:26)
    at loop (http://localhost:3000/_next/static/chunks/88bef_%40react-three_fiber_dist_a53eb1a6._.js:2287:23)
[  447097ms] ReferenceError: scrollState is not defined
    at Planet.useFrame [as current] (http://localhost:3000/_next/static/chunks/Desktop_portfolio-mission-control_src_9c666b12._.js?id=%255Bproject%255D%252FDesktop%252Fportfolio-mission-control%252Fsrc%252Fcomponents%252Fscene%252FPlanet.jsx+%255Bapp-client%255D+%2528ecmascript%2529:194:250)
    at update (http://localhost:3000/_next/static/chunks/88bef_%40react-three_fiber_dist_a53eb1a6._.js:2261:26)
    at loop (http://localhost:3000/_next/static/chunks/88bef_%40react-three_fiber_dist_a53eb1a6._.js:2287:23)
[  447107ms] ReferenceError: scrollState is not defined
    at Planet.useFrame [as current] (http://localhost:3000/_next/static/chunks/Desktop_portfolio-mission-control_src_9c666b12._.js?id=%255Bproject%255D%252FDesktop%252Fportfolio-mission-control%252Fsrc%252Fcomponents%252Fscene%252FPlanet.jsx+%255Bapp-client%255D+%2528ecmascript%2529:194:250)
    at update (http://localhost:3000/_next/static/chunks/88bef_%40react-three_fiber_dist_a53eb1a6._.js:2261:26)
    at loop (http://localhost:3000/_next/static/chunks/88bef_%40react-three_fiber_dist_a53eb1a6._.js:2287:23)
[  447122ms] ReferenceError: scrollState is not defined
    at Planet.useFrame [as current] (http://localhost:3000/_next/static/chunks/Desktop_portfolio-mission-control_src_9c666b12._.js?id=%255Bproject%255D%252FDesktop%252Fportfolio-mission-control%252Fsrc%252Fcomponents%252Fscene%252FPlanet.jsx+%255Bapp-client%255D+%2528ecmascript%2529:194:250)
    at update (http://localhost:3000/_next/static/chunks/88bef_%40react-three_fiber_dist_a53eb1a6._.js:2261:26)
    at loop (http://localhost:3000/_next/static/chunks/88bef_%40react-three_fiber_dist_a53eb1a6._.js:2287:23)
[  447137ms] ReferenceError: scrollState is not defined
    at Planet.useFrame [as current] (http://localhost:3000/_next/static/chunks/Desktop_portfolio-mission-control_src_9c666b12._.js?id=%255Bproject%255D%252FDesktop%252Fportfolio-mission-control%252Fsrc%252Fcomponents%252Fscene%252FPlanet.jsx+%255Bapp-client%255D+%2528ecmascript%2529:194:250)
    at update (http://localhost:3000/_next/static/chunks/88bef_%40react-three_fiber_dist_a53eb1a6._.js:2261:26)
    at loop (http://localhost:3000/_next/static/chunks/88bef_%40react-three_fiber_dist_a53eb1a6._.js:2287:23)
[  447150ms] ReferenceError: scrollState is not defined
    at Planet.useFrame [as current] (http://localhost:3000/_next/static/chunks/Desktop_portfolio-mission-control_src_9c666b12._.js?id=%255Bproject%255D%252FDesktop%252Fportfolio-mission-control%252Fsrc%252Fcomponents%252Fscene%252FPlanet.jsx+%255Bapp-client%255D+%2528ecmascript%2529:194:250)
    at update (http://localhost:3000/_next/static/chunks/88bef_%40react-three_fiber_dist_a53eb1a6._.js:2261:26)
    at loop (http://localhost:3000/_next/static/chunks/88bef_%40react-three_fiber_dist_a53eb1a6._.js:2287:23)
[  447163ms] ReferenceError: scrollState is not defined
    at Planet.useFrame [as current] (http://localhost:3000/_next/static/chunks/Desktop_portfolio-mission-control_src_9c666b12._.js?id=%255Bproject%255D%252FDesktop%252Fportfolio-mission-control%252Fsrc%252Fcomponents%252Fscene%252FPlanet.jsx+%255Bapp-client%255D+%2528ecmascript%2529:194:250)
    at update (http://localhost:3000/_next/static/chunks/88bef_%40react-three_fiber_dist_a53eb1a6._.js:2261:26)
    at loop (http://localhost:3000/_next/static/chunks/88bef_%40react-three_fiber_dist_a53eb1a6._.js:2287:23)
[  447174ms] ReferenceError: scrollState is not defined
    at Planet.useFrame [as current] (http://localhost:3000/_next/static/chunks/Desktop_portfolio-mission-control_src_9c666b12._.js?id=%255Bproject%255D%252FDesktop%252Fportfolio-mission-control%252Fsrc%252Fcomponents%252Fscene%252FPlanet.jsx+%255Bapp-client%255D+%2528ecmascript%2529:194:250)
    at update (http://localhost:3000/_next/static/chunks/88bef_%40react-three_fiber_dist_a53eb1a6._.js:2261:26)
    at loop (http://localhost:3000/_next/static/chunks/88bef_%40react-three_fiber_dist_a53eb1a6._.js:2287:23)
[  447187ms] ReferenceError: scrollState is not defined
    at Planet.useFrame [as current] (http://localhost:3000/_next/static/chunks/Desktop_portfolio-mission-control_src_9c666b12._.js?id=%255Bproject%255D%252FDesktop%252Fportfolio-mission-control%252Fsrc%252Fcomponents%252Fscene%252FPlanet.jsx+%255Bapp-client%255D+%2528ecmascript%2529:194:250)
    at update (http://localhost:3000/_next/static/chunks/88bef_%40react-three_fiber_dist_a53eb1a6._.js:2261:26)
    at loop (http://localhost:3000/_next/static/chunks/88bef_%40react-three_fiber_dist_a53eb1a6._.js:2287:23)
[  447204ms] ReferenceError: scrollState is not defined
    at Planet.useFrame [as current] (http://localhost:3000/_next/static/chunks/Desktop_portfolio-mission-control_src_9c666b12._.js?id=%255Bproject%255D%252FDesktop%252Fportfolio-mission-control%252Fsrc%252Fcomponents%252Fscene%252FPlanet.jsx+%255Bapp-client%255D+%2528ecmascript%2529:194:250)
    at update (http://localhost:3000/_next/static/chunks/88bef_%40react-three_fiber_dist_a53eb1a6._.js:2261:26)
    at loop (http://localhost:3000/_next/static/chunks/88bef_%40react-three_fiber_dist_a53eb1a6._.js:2287:23)
[  447215ms] ReferenceError: scrollState is not defined
    at Planet.useFrame [as current] (http://localhost:3000/_next/static/chunks/Desktop_portfolio-mission-control_src_9c666b12._.js?id=%255Bproject%255D%252FDesktop%252Fportfolio-mission-control%252Fsrc%252Fcomponents%252Fscene%252FPlanet.jsx+%255Bapp-client%255D+%2528ecmascript%2529:194:250)
    at update (http://localhost:3000/_next/static/chunks/88bef_%40react-three_fiber_dist_a53eb1a6._.js:2261:26)
    at loop (http://localhost:3000/_next/static/chunks/88bef_%40react-three_fiber_dist_a53eb1a6._.js:2287:23)
[  447228ms] ReferenceError: scrollState is not defined
    at Planet.useFrame [as current] (http://localhost:3000/_next/static/chunks/Desktop_portfolio-mission-control_src_9c666b12._.js?id=%255Bproject%255D%252FDesktop%252Fportfolio-mission-control%252Fsrc%252Fcomponents%252Fscene%252FPlanet.jsx+%255Bapp-client%255D+%2528ecmascript%2529:194:250)
    at update (http://localhost:3000/_next/static/chunks/88bef_%40react-three_fiber_dist_a53eb1a6._.js:2261:26)
    at loop (http://localhost:3000/_next/static/chunks/88bef_%40react-three_fiber_dist_a53eb1a6._.js:2287:23)
[  447245ms] ReferenceError: scrollState is not defined
    at Planet.useFrame [as current] (http://localhost:3000/_next/static/chunks/Desktop_portfolio-mission-control_src_9c666b12._.js?id=%255Bproject%255D%252FDesktop%252Fportfolio-mission-control%252Fsrc%252Fcomponents%252Fscene%252FPlanet.jsx+%255Bapp-client%255D+%2528ecmascript%2529:194:250)
    at update (http://localhost:3000/_next/static/chunks/88bef_%40react-three_fiber_dist_a53eb1a6._.js:2261:26)
    at loop (http://localhost:3000/_next/static/chunks/88bef_%40react-three_fiber_dist_a53eb1a6._.js:2287:23)
[  447257ms] ReferenceError: scrollState is not defined
    at Planet.useFrame [as current] (http://localhost:3000/_next/static/chunks/Desktop_portfolio-mission-control_src_9c666b12._.js?id=%255Bproject%255D%252FDesktop%252Fportfolio-mission-control%252Fsrc%252Fcomponents%252Fscene%252FPlanet.jsx+%255Bapp-client%255D+%2528ecmascript%2529:194:250)
    at update (http://localhost:3000/_next/static/chunks/88bef_%40react-three_fiber_dist_a53eb1a6._.js:2261:26)
    at loop (http://localhost:3000/_next/static/chunks/88bef_%40react-three_fiber_dist_a53eb1a6._.js:2287:23)
[  447270ms] ReferenceError: scrollState is not defined
    at Planet.useFrame [as current] (http://localhost:3000/_next/static/chunks/Desktop_portfolio-mission-control_src_9c666b12._.js?id=%255Bproject%255D%252FDesktop%252Fportfolio-mission-control%252Fsrc%252Fcomponents%252Fscene%252FPlanet.jsx+%255Bapp-client%255D+%2528ecmascript%2529:194:250)
    at update (http://localhost:3000/_next/static/chunks/88bef_%40react-three_fiber_dist_a53eb1a6._.js:2261:26)
    at loop (http://localhost:3000/_next/static/chunks/88bef_%40react-three_fiber_dist_a53eb1a6._.js:2287:23)
[  447283ms] ReferenceError: scrollState is not defined
    at Planet.useFrame [as current] (http://localhost:3000/_next/static/chunks/Desktop_portfolio-mission-control_src_9c666b12._.js?id=%255Bproject%255D%252FDesktop%252Fportfolio-mission-control%252Fsrc%252Fcomponents%252Fscene%252FPlanet.jsx+%255Bapp-client%255D+%2528ecmascript%2529:194:250)
    at update (http://localhost:3000/_next/static/chunks/88bef_%40react-three_fiber_dist_a53eb1a6._.js:2261:26)
    at loop (http://localhost:3000/_next/static/chunks/88bef_%40react-three_fiber_dist_a53eb1a6._.js:2287:23)
[  447296ms] ReferenceError: scrollState is not defined
    at Planet.useFrame [as current] (http://localhost:3000/_next/static/chunks/Desktop_portfolio-mission-control_src_9c666b12._.js?id=%255Bproject%255D%252FDesktop%252Fportfolio-mission-control%252Fsrc%252Fcomponents%252Fscene%252FPlanet.jsx+%255Bapp-client%255D+%2528ecmascript%2529:194:250)
    at update (http://localhost:3000/_next/static/chunks/88bef_%40react-three_fiber_dist_a53eb1a6._.js:2261:26)
    at loop (http://localhost:3000/_next/static/chunks/88bef_%40react-three_fiber_dist_a53eb1a6._.js:2287:23)
[  447307ms] ReferenceError: scrollState is not defined
    at Planet.useFrame [as current] (http://localhost:3000/_next/static/chunks/Desktop_portfolio-mission-control_src_9c666b12._.js?id=%255Bproject%255D%252FDesktop%252Fportfolio-mission-control%252Fsrc%252Fcomponents%252Fscene%252FPlanet.jsx+%255Bapp-client%255D+%2528ecmascript%2529:194:250)
    at update (http://localhost:3000/_next/static/chunks/88bef_%40react-three_fiber_dist_a53eb1a6._.js:2261:26)
    at loop (http://localhost:3000/_next/static/chunks/88bef_%40react-three_fiber_dist_a53eb1a6._.js:2287:23)
[  447322ms] ReferenceError: scrollState is not defined
    at Planet.useFrame [as current] (http://localhost:3000/_next/static/chunks/Desktop_portfolio-mission-control_src_9c666b12._.js?id=%255Bproject%255D%252FDesktop%252Fportfolio-mission-control%252Fsrc%252Fcomponents%252Fscene%252FPlanet.jsx+%255Bapp-client%255D+%2528ecmascript%2529:194:250)
    at update (http://localhost:3000/_next/static/chunks/88bef_%40react-three_fiber_dist_a53eb1a6._.js:2261:26)
    at loop (http://localhost:3000/_next/static/chunks/88bef_%40react-three_fiber_dist_a53eb1a6._.js:2287:23)
[  447335ms] ReferenceError: scrollState is not defined
    at Planet.useFrame [as current] (http://localhost:3000/_next/static/chunks/Desktop_portfolio-mission-control_src_9c666b12._.js?id=%255Bproject%255D%252FDesktop%252Fportfolio-mission-control%252Fsrc%252Fcomponents%252Fscene%252FPlanet.jsx+%255Bapp-client%255D+%2528ecmascript%2529:194:250)
    at update (http://localhost:3000/_next/static/chunks/88bef_%40react-three_fiber_dist_a53eb1a6._.js:2261:26)
    at loop (http://localhost:3000/_next/static/chunks/88bef_%40react-three_fiber_dist_a53eb1a6._.js:2287:23)
[  447347ms] ReferenceError: scrollState is not defined
    at Planet.useFrame [as current] (http://localhost:3000/_next/static/chunks/Desktop_portfolio-mission-control_src_9c666b12._.js?id=%255Bproject%255D%252FDesktop%252Fportfolio-mission-control%252Fsrc%252Fcomponents%252Fscene%252FPlanet.jsx+%255Bapp-client%255D+%2528ecmascript%2529:194:250)
    at update (http://localhost:3000/_next/static/chunks/88bef_%40react-three_fiber_dist_a53eb1a6._.js:2261:26)
    at loop (http://localhost:3000/_next/static/chunks/88bef_%40react-three_fiber_dist_a53eb1a6._.js:2287:23)
[  447362ms] ReferenceError: scrollState is not defined
    at Planet.useFrame [as current] (http://localhost:3000/_next/static/chunks/Desktop_portfolio-mission-control_src_9c666b12._.js?id=%255Bproject%255D%252FDesktop%252Fportfolio-mission-control%252Fsrc%252Fcomponents%252Fscene%252FPlanet.jsx+%255Bapp-client%255D+%2528ecmascript%2529:194:250)
    at update (http://localhost:3000/_next/static/chunks/88bef_%40react-three_fiber_dist_a53eb1a6._.js:2261:26)
    at loop (http://localhost:3000/_next/static/chunks/88bef_%40react-three_fiber_dist_a53eb1a6._.js:2287:23)
[  447374ms] ReferenceError: scrollState is not defined
    at Planet.useFrame [as current] (http://localhost:3000/_next/static/chunks/Desktop_portfolio-mission-control_src_9c666b12._.js?id=%255Bproject%255D%252FDesktop%252Fportfolio-mission-control%252Fsrc%252Fcomponents%252Fscene%252FPlanet.jsx+%255Bapp-client%255D+%2528ecmascript%2529:194:250)
    at update (http://localhost:3000/_next/static/chunks/88bef_%40react-three_fiber_dist_a53eb1a6._.js:2261:26)
    at loop (http://localhost:3000/_next/static/chunks/88bef_%40react-three_fiber_dist_a53eb1a6._.js:2287:23)
[  447388ms] ReferenceError: scrollState is not defined
    at Planet.useFrame [as current] (http://localhost:3000/_next/static/chunks/Desktop_portfolio-mission-control_src_9c666b12._.js?id=%255Bproject%255D%252FDesktop%252Fportfolio-mission-control%252Fsrc%252Fcomponents%252Fscene%252FPlanet.jsx+%255Bapp-client%255D+%2528ecmascript%2529:194:250)
    at update (http://localhost:3000/_next/static/chunks/88bef_%40react-three_fiber_dist_a53eb1a6._.js:2261:26)
    at loop (http://localhost:3000/_next/static/chunks/88bef_%40react-three_fiber_dist_a53eb1a6._.js:2287:23)
[  447403ms] ReferenceError: scrollState is not defined
    at Planet.useFrame [as current] (http://localhost:3000/_next/static/chunks/Desktop_portfolio-mission-control_src_9c666b12._.js?id=%255Bproject%255D%252FDesktop%252Fportfolio-mission-control%252Fsrc%252Fcomponents%252Fscene%252FPlanet.jsx+%255Bapp-client%255D+%2528ecmascript%2529:194:250)
    at update (http://localhost:3000/_next/static/chunks/88bef_%40react-three_fiber_dist_a53eb1a6._.js:2261:26)
    at loop (http://localhost:3000/_next/static/chunks/88bef_%40react-three_fiber_dist_a53eb1a6._.js:2287:23)
[  447415ms] ReferenceError: scrollState is not defined
    at Planet.useFrame [as current] (http://localhost:3000/_next/static/chunks/Desktop_portfolio-mission-control_src_9c666b12._.js?id=%255Bproject%255D%252FDesktop%252Fportfolio-mission-control%252Fsrc%252Fcomponents%252Fscene%252FPlanet.jsx+%255Bapp-client%255D+%2528ecmascript%2529:194:250)
    at update (http://localhost:3000/_next/static/chunks/88bef_%40react-three_fiber_dist_a53eb1a6._.js:2261:26)
    at loop (http://localhost:3000/_next/static/chunks/88bef_%40react-three_fiber_dist_a53eb1a6._.js:2287:23)
[  447428ms] ReferenceError: scrollState is not defined
    at Planet.useFrame [as current] (http://localhost:3000/_next/static/chunks/Desktop_portfolio-mission-control_src_9c666b12._.js?id=%255Bproject%255D%252FDesktop%252Fportfolio-mission-control%252Fsrc%252Fcomponents%252Fscene%252FPlanet.jsx+%255Bapp-client%255D+%2528ecmascript%2529:194:250)
    at update (http://localhost:3000/_next/static/chunks/88bef_%40react-three_fiber_dist_a53eb1a6._.js:2261:26)
    at loop (http://localhost:3000/_next/static/chunks/88bef_%40react-three_fiber_dist_a53eb1a6._.js:2287:23)
[  447442ms] ReferenceError: scrollState is not defined
    at Planet.useFrame [as current] (http://localhost:3000/_next/static/chunks/Desktop_portfolio-mission-control_src_9c666b12._.js?id=%255Bproject%255D%252FDesktop%252Fportfolio-mission-control%252Fsrc%252Fcomponents%252Fscene%252FPlanet.jsx+%255Bapp-client%255D+%2528ecmascript%2529:194:250)
    at update (http://localhost:3000/_next/static/chunks/88bef_%40react-three_fiber_dist_a53eb1a6._.js:2261:26)
    at loop (http://localhost:3000/_next/static/chunks/88bef_%40react-three_fiber_dist_a53eb1a6._.js:2287:23)
[  447457ms] ReferenceError: scrollState is not defined
    at Planet.useFrame [as current] (http://localhost:3000/_next/static/chunks/Desktop_portfolio-mission-control_src_9c666b12._.js?id=%255Bproject%255D%252FDesktop%252Fportfolio-mission-control%252Fsrc%252Fcomponents%252Fscene%252FPlanet.jsx+%255Bapp-client%255D+%2528ecmascript%2529:194:250)
    at update (http://localhost:3000/_next/static/chunks/88bef_%40react-three_fiber_dist_a53eb1a6._.js:2261:26)
    at loop (http://localhost:3000/_next/static/chunks/88bef_%40react-three_fiber_dist_a53eb1a6._.js:2287:23)
[  447470ms] ReferenceError: scrollState is not defined
    at Planet.useFrame [as current] (http://localhost:3000/_next/static/chunks/Desktop_portfolio-mission-control_src_9c666b12._.js?id=%255Bproject%255D%252FDesktop%252Fportfolio-mission-control%252Fsrc%252Fcomponents%252Fscene%252FPlanet.jsx+%255Bapp-client%255D+%2528ecmascript%2529:194:250)
    at update (http://localhost:3000/_next/static/chunks/88bef_%40react-three_fiber_dist_a53eb1a6._.js:2261:26)
    at loop (http://localhost:3000/_next/static/chunks/88bef_%40react-three_fiber_dist_a53eb1a6._.js:2287:23)
[  447483ms] ReferenceError: scrollState is not defined
    at Planet.useFrame [as current] (http://localhost:3000/_next/static/chunks/Desktop_portfolio-mission-control_src_9c666b12._.js?id=%255Bproject%255D%252FDesktop%252Fportfolio-mission-control%252Fsrc%252Fcomponents%252Fscene%252FPlanet.jsx+%255Bapp-client%255D+%2528ecmascript%2529:194:250)
    at update (http://localhost:3000/_next/static/chunks/88bef_%40react-three_fiber_dist_a53eb1a6._.js:2261:26)
    at loop (http://localhost:3000/_next/static/chunks/88bef_%40react-three_fiber_dist_a53eb1a6._.js:2287:23)
[  447495ms] ReferenceError: scrollState is not defined
    at Planet.useFrame [as current] (http://localhost:3000/_next/static/chunks/Desktop_portfolio-mission-control_src_9c666b12._.js?id=%255Bproject%255D%252FDesktop%252Fportfolio-mission-control%252Fsrc%252Fcomponents%252Fscene%252FPlanet.jsx+%255Bapp-client%255D+%2528ecmascript%2529:194:250)
    at update (http://localhost:3000/_next/static/chunks/88bef_%40react-three_fiber_dist_a53eb1a6._.js:2261:26)
    at loop (http://localhost:3000/_next/static/chunks/88bef_%40react-three_fiber_dist_a53eb1a6._.js:2287:23)
[  447509ms] ReferenceError: scrollState is not defined
    at Planet.useFrame [as current] (http://localhost:3000/_next/static/chunks/Desktop_portfolio-mission-control_src_9c666b12._.js?id=%255Bproject%255D%252FDesktop%252Fportfolio-mission-control%252Fsrc%252Fcomponents%252Fscene%252FPlanet.jsx+%255Bapp-client%255D+%2528ecmascript%2529:194:250)
    at update (http://localhost:3000/_next/static/chunks/88bef_%40react-three_fiber_dist_a53eb1a6._.js:2261:26)
    at loop (http://localhost:3000/_next/static/chunks/88bef_%40react-three_fiber_dist_a53eb1a6._.js:2287:23)
[  447522ms] ReferenceError: scrollState is not defined
    at Planet.useFrame [as current] (http://localhost:3000/_next/static/chunks/Desktop_portfolio-mission-control_src_9c666b12._.js?id=%255Bproject%255D%252FDesktop%252Fportfolio-mission-control%252Fsrc%252Fcomponents%252Fscene%252FPlanet.jsx+%255Bapp-client%255D+%2528ecmascript%2529:194:250)
    at update (http://localhost:3000/_next/static/chunks/88bef_%40react-three_fiber_dist_a53eb1a6._.js:2261:26)
    at loop (http://localhost:3000/_next/static/chunks/88bef_%40react-three_fiber_dist_a53eb1a6._.js:2287:23)
[  447536ms] ReferenceError: scrollState is not defined
    at Planet.useFrame [as current] (http://localhost:3000/_next/static/chunks/Desktop_portfolio-mission-control_src_9c666b12._.js?id=%255Bproject%255D%252FDesktop%252Fportfolio-mission-control%252Fsrc%252Fcomponents%252Fscene%252FPlanet.jsx+%255Bapp-client%255D+%2528ecmascript%2529:194:250)
    at update (http://localhost:3000/_next/static/chunks/88bef_%40react-three_fiber_dist_a53eb1a6._.js:2261:26)
    at loop (http://localhost:3000/_next/static/chunks/88bef_%40react-three_fiber_dist_a53eb1a6._.js:2287:23)
[  447547ms] ReferenceError: scrollState is not defined
    at Planet.useFrame [as current] (http://localhost:3000/_next/static/chunks/Desktop_portfolio-mission-control_src_9c666b12._.js?id=%255Bproject%255D%252FDesktop%252Fportfolio-mission-control%252Fsrc%252Fcomponents%252Fscene%252FPlanet.jsx+%255Bapp-client%255D+%2528ecmascript%2529:194:250)
    at update (http://localhost:3000/_next/static/chunks/88bef_%40react-three_fiber_dist_a53eb1a6._.js:2261:26)
    at loop (http://localhost:3000/_next/static/chunks/88bef_%40react-three_fiber_dist_a53eb1a6._.js:2287:23)
[  447562ms] ReferenceError: scrollState is not defined
    at Planet.useFrame [as current] (http://localhost:3000/_next/static/chunks/Desktop_portfolio-mission-control_src_9c666b12._.js?id=%255Bproject%255D%252FDesktop%252Fportfolio-mission-control%252Fsrc%252Fcomponents%252Fscene%252FPlanet.jsx+%255Bapp-client%255D+%2528ecmascript%2529:194:250)
    at update (http://localhost:3000/_next/static/chunks/88bef_%40react-three_fiber_dist_a53eb1a6._.js:2261:26)
    at loop (http://localhost:3000/_next/static/chunks/88bef_%40react-three_fiber_dist_a53eb1a6._.js:2287:23)
[  447576ms] ReferenceError: scrollState is not defined
    at Planet.useFrame [as current] (http://localhost:3000/_next/static/chunks/Desktop_portfolio-mission-control_src_9c666b12._.js?id=%255Bproject%255D%252FDesktop%252Fportfolio-mission-control%252Fsrc%252Fcomponents%252Fscene%252FPlanet.jsx+%255Bapp-client%255D+%2528ecmascript%2529:194:250)
    at update (http://localhost:3000/_next/static/chunks/88bef_%40react-three_fiber_dist_a53eb1a6._.js:2261:26)
    at loop (http://localhost:3000/_next/static/chunks/88bef_%40react-three_fiber_dist_a53eb1a6._.js:2287:23)
[  447588ms] ReferenceError: scrollState is not defined
    at Planet.useFrame [as current] (http://localhost:3000/_next/static/chunks/Desktop_portfolio-mission-control_src_9c666b12._.js?id=%255Bproject%255D%252FDesktop%252Fportfolio-mission-control%252Fsrc%252Fcomponents%252Fscene%252FPlanet.jsx+%255Bapp-client%255D+%2528ecmascript%2529:194:250)
    at update (http://localhost:3000/_next/static/chunks/88bef_%40react-three_fiber_dist_a53eb1a6._.js:2261:26)
    at loop (http://localhost:3000/_next/static/chunks/88bef_%40react-three_fiber_dist_a53eb1a6._.js:2287:23)
[  447602ms] ReferenceError: scrollState is not defined
    at Planet.useFrame [as current] (http://localhost:3000/_next/static/chunks/Desktop_portfolio-mission-control_src_9c666b12._.js?id=%255Bproject%255D%252FDesktop%252Fportfolio-mission-control%252Fsrc%252Fcomponents%252Fscene%252FPlanet.jsx+%255Bapp-client%255D+%2528ecmascript%2529:194:250)
    at update (http://localhost:3000/_next/static/chunks/88bef_%40react-three_fiber_dist_a53eb1a6._.js:2261:26)
    at loop (http://localhost:3000/_next/static/chunks/88bef_%40react-three_fiber_dist_a53eb1a6._.js:2287:23)
[  447617ms] ReferenceError: scrollState is not defined
    at Planet.useFrame [as current] (http://localhost:3000/_next/static/chunks/Desktop_portfolio-mission-control_src_9c666b12._.js?id=%255Bproject%255D%252FDesktop%252Fportfolio-mission-control%252Fsrc%252Fcomponents%252Fscene%252FPlanet.jsx+%255Bapp-client%255D+%2528ecmascript%2529:194:250)
    at update (http://localhost:3000/_next/static/chunks/88bef_%40react-three_fiber_dist_a53eb1a6._.js:2261:26)
    at loop (http://localhost:3000/_next/static/chunks/88bef_%40react-three_fiber_dist_a53eb1a6._.js:2287:23)
[  447628ms] ReferenceError: scrollState is not defined
    at Planet.useFrame [as current] (http://localhost:3000/_next/static/chunks/Desktop_portfolio-mission-control_src_9c666b12._.js?id=%255Bproject%255D%252FDesktop%252Fportfolio-mission-control%252Fsrc%252Fcomponents%252Fscene%252FPlanet.jsx+%255Bapp-client%255D+%2528ecmascript%2529:194:250)
    at update (http://localhost:3000/_next/static/chunks/88bef_%40react-three_fiber_dist_a53eb1a6._.js:2261:26)
    at loop (http://localhost:3000/_next/static/chunks/88bef_%40react-three_fiber_dist_a53eb1a6._.js:2287:23)
[  447647ms] ReferenceError: scrollState is not defined
    at Planet.useFrame [as current] (http://localhost:3000/_next/static/chunks/Desktop_portfolio-mission-control_src_9c666b12._.js?id=%255Bproject%255D%252FDesktop%252Fportfolio-mission-control%252Fsrc%252Fcomponents%252Fscene%252FPlanet.jsx+%255Bapp-client%255D+%2528ecmascript%2529:194:250)
    at update (http://localhost:3000/_next/static/chunks/88bef_%40react-three_fiber_dist_a53eb1a6._.js:2261:26)
    at loop (http://localhost:3000/_next/static/chunks/88bef_%40react-three_fiber_dist_a53eb1a6._.js:2287:23)
[  447654ms] ReferenceError: scrollState is not defined
    at Planet.useFrame [as current] (http://localhost:3000/_next/static/chunks/Desktop_portfolio-mission-control_src_9c666b12._.js?id=%255Bproject%255D%252FDesktop%252Fportfolio-mission-control%252Fsrc%252Fcomponents%252Fscene%252FPlanet.jsx+%255Bapp-client%255D+%2528ecmascript%2529:194:250)
    at update (http://localhost:3000/_next/static/chunks/88bef_%40react-three_fiber_dist_a53eb1a6._.js:2261:26)
    at loop (http://localhost:3000/_next/static/chunks/88bef_%40react-three_fiber_dist_a53eb1a6._.js:2287:23)
[  447668ms] ReferenceError: scrollState is not defined
    at Planet.useFrame [as current] (http://localhost:3000/_next/static/chunks/Desktop_portfolio-mission-control_src_9c666b12._.js?id=%255Bproject%255D%252FDesktop%252Fportfolio-mission-control%252Fsrc%252Fcomponents%252Fscene%252FPlanet.jsx+%255Bapp-client%255D+%2528ecmascript%2529:194:250)
    at update (http://localhost:3000/_next/static/chunks/88bef_%40react-three_fiber_dist_a53eb1a6._.js:2261:26)
    at loop (http://localhost:3000/_next/static/chunks/88bef_%40react-three_fiber_dist_a53eb1a6._.js:2287:23)
[  447683ms] ReferenceError: scrollState is not defined
    at Planet.useFrame [as current] (http://localhost:3000/_next/static/chunks/Desktop_portfolio-mission-control_src_9c666b12._.js?id=%255Bproject%255D%252FDesktop%252Fportfolio-mission-control%252Fsrc%252Fcomponents%252Fscene%252FPlanet.jsx+%255Bapp-client%255D+%2528ecmascript%2529:194:250)
    at update (http://localhost:3000/_next/static/chunks/88bef_%40react-three_fiber_dist_a53eb1a6._.js:2261:26)
    at loop (http://localhost:3000/_next/static/chunks/88bef_%40react-three_fiber_dist_a53eb1a6._.js:2287:23)
[  447694ms] ReferenceError: scrollState is not defined
    at Planet.useFrame [as current] (http://localhost:3000/_next/static/chunks/Desktop_portfolio-mission-control_src_9c666b12._.js?id=%255Bproject%255D%252FDesktop%252Fportfolio-mission-control%252Fsrc%252Fcomponents%252Fscene%252FPlanet.jsx+%255Bapp-client%255D+%2528ecmascript%2529:194:250)
    at update (http://localhost:3000/_next/static/chunks/88bef_%40react-three_fiber_dist_a53eb1a6._.js:2261:26)
    at loop (http://localhost:3000/_next/static/chunks/88bef_%40react-three_fiber_dist_a53eb1a6._.js:2287:23)
[  447708ms] ReferenceError: scrollState is not defined
    at Planet.useFrame [as current] (http://localhost:3000/_next/static/chunks/Desktop_portfolio-mission-control_src_9c666b12._.js?id=%255Bproject%255D%252FDesktop%252Fportfolio-mission-control%252Fsrc%252Fcomponents%252Fscene%252FPlanet.jsx+%255Bapp-client%255D+%2528ecmascript%2529:194:250)
    at update (http://localhost:3000/_next/static/chunks/88bef_%40react-three_fiber_dist_a53eb1a6._.js:2261:26)
    at loop (http://localhost:3000/_next/static/chunks/88bef_%40react-three_fiber_dist_a53eb1a6._.js:2287:23)
[  447723ms] ReferenceError: scrollState is not defined
    at Planet.useFrame [as current] (http://localhost:3000/_next/static/chunks/Desktop_portfolio-mission-control_src_9c666b12._.js?id=%255Bproject%255D%252FDesktop%252Fportfolio-mission-control%252Fsrc%252Fcomponents%252Fscene%252FPlanet.jsx+%255Bapp-client%255D+%2528ecmascript%2529:194:250)
    at update (http://localhost:3000/_next/static/chunks/88bef_%40react-three_fiber_dist_a53eb1a6._.js:2261:26)
    at loop (http://localhost:3000/_next/static/chunks/88bef_%40react-three_fiber_dist_a53eb1a6._.js:2287:23)
[  447736ms] ReferenceError: scrollState is not defined
    at Planet.useFrame [as current] (http://localhost:3000/_next/static/chunks/Desktop_portfolio-mission-control_src_9c666b12._.js?id=%255Bproject%255D%252FDesktop%252Fportfolio-mission-control%252Fsrc%252Fcomponents%252Fscene%252FPlanet.jsx+%255Bapp-client%255D+%2528ecmascript%2529:194:250)
    at update (http://localhost:3000/_next/static/chunks/88bef_%40react-three_fiber_dist_a53eb1a6._.js:2261:26)
    at loop (http://localhost:3000/_next/static/chunks/88bef_%40react-three_fiber_dist_a53eb1a6._.js:2287:23)
[  447747ms] ReferenceError: scrollState is not defined
    at Planet.useFrame [as current] (http://localhost:3000/_next/static/chunks/Desktop_portfolio-mission-control_src_9c666b12._.js?id=%255Bproject%255D%252FDesktop%252Fportfolio-mission-control%252Fsrc%252Fcomponents%252Fscene%252FPlanet.jsx+%255Bapp-client%255D+%2528ecmascript%2529:194:250)
    at update (http://localhost:3000/_next/static/chunks/88bef_%40react-three_fiber_dist_a53eb1a6._.js:2261:26)
    at loop (http://localhost:3000/_next/static/chunks/88bef_%40react-three_fiber_dist_a53eb1a6._.js:2287:23)
[  447762ms] ReferenceError: scrollState is not defined
    at Planet.useFrame [as current] (http://localhost:3000/_next/static/chunks/Desktop_portfolio-mission-control_src_9c666b12._.js?id=%255Bproject%255D%252FDesktop%252Fportfolio-mission-control%252Fsrc%252Fcomponents%252Fscene%252FPlanet.jsx+%255Bapp-client%255D+%2528ecmascript%2529:194:250)
    at update (http://localhost:3000/_next/static/chunks/88bef_%40react-three_fiber_dist_a53eb1a6._.js:2261:26)
    at loop (http://localhost:3000/_next/static/chunks/88bef_%40react-three_fiber_dist_a53eb1a6._.js:2287:23)
[  447776ms] ReferenceError: scrollState is not defined
    at Planet.useFrame [as current] (http://localhost:3000/_next/static/chunks/Desktop_portfolio-mission-control_src_9c666b12._.js?id=%255Bproject%255D%252FDesktop%252Fportfolio-mission-control%252Fsrc%252Fcomponents%252Fscene%252FPlanet.jsx+%255Bapp-client%255D+%2528ecmascript%2529:194:250)
    at update (http://localhost:3000/_next/static/chunks/88bef_%40react-three_fiber_dist_a53eb1a6._.js:2261:26)
    at loop (http://localhost:3000/_next/static/chunks/88bef_%40react-three_fiber_dist_a53eb1a6._.js:2287:23)
[  447788ms] ReferenceError: scrollState is not defined
    at Planet.useFrame [as current] (http://localhost:3000/_next/static/chunks/Desktop_portfolio-mission-control_src_9c666b12._.js?id=%255Bproject%255D%252FDesktop%252Fportfolio-mission-control%252Fsrc%252Fcomponents%252Fscene%252FPlanet.jsx+%255Bapp-client%255D+%2528ecmascript%2529:194:250)
    at update (http://localhost:3000/_next/static/chunks/88bef_%40react-three_fiber_dist_a53eb1a6._.js:2261:26)
    at loop (http://localhost:3000/_next/static/chunks/88bef_%40react-three_fiber_dist_a53eb1a6._.js:2287:23)
[  447801ms] ReferenceError: scrollState is not defined
    at Planet.useFrame [as current] (http://localhost:3000/_next/static/chunks/Desktop_portfolio-mission-control_src_9c666b12._.js?id=%255Bproject%255D%252FDesktop%252Fportfolio-mission-control%252Fsrc%252Fcomponents%252Fscene%252FPlanet.jsx+%255Bapp-client%255D+%2528ecmascript%2529:194:250)
    at update (http://localhost:3000/_next/static/chunks/88bef_%40react-three_fiber_dist_a53eb1a6._.js:2261:26)
    at loop (http://localhost:3000/_next/static/chunks/88bef_%40react-three_fiber_dist_a53eb1a6._.js:2287:23)
[  447814ms] ReferenceError: scrollState is not defined
    at Planet.useFrame [as current] (http://localhost:3000/_next/static/chunks/Desktop_portfolio-mission-control_src_9c666b12._.js?id=%255Bproject%255D%252FDesktop%252Fportfolio-mission-control%252Fsrc%252Fcomponents%252Fscene%252FPlanet.jsx+%255Bapp-client%255D+%2528ecmascript%2529:194:250)
    at update (http://localhost:3000/_next/static/chunks/88bef_%40react-three_fiber_dist_a53eb1a6._.js:2261:26)
    at loop (http://localhost:3000/_next/static/chunks/88bef_%40react-three_fiber_dist_a53eb1a6._.js:2287:23)
[  447829ms] ReferenceError: scrollState is not defined
    at Planet.useFrame [as current] (http://localhost:3000/_next/static/chunks/Desktop_portfolio-mission-control_src_9c666b12._.js?id=%255Bproject%255D%252FDesktop%252Fportfolio-mission-control%252Fsrc%252Fcomponents%252Fscene%252FPlanet.jsx+%255Bapp-client%255D+%2528ecmascript%2529:194:250)
    at update (http://localhost:3000/_next/static/chunks/88bef_%40react-three_fiber_dist_a53eb1a6._.js:2261:26)
    at loop (http://localhost:3000/_next/static/chunks/88bef_%40react-three_fiber_dist_a53eb1a6._.js:2287:23)
[  447841ms] ReferenceError: scrollState is not defined
    at Planet.useFrame [as current] (http://localhost:3000/_next/static/chunks/Desktop_portfolio-mission-control_src_9c666b12._.js?id=%255Bproject%255D%252FDesktop%252Fportfolio-mission-control%252Fsrc%252Fcomponents%252Fscene%252FPlanet.jsx+%255Bapp-client%255D+%2528ecmascript%2529:194:250)
    at update (http://localhost:3000/_next/static/chunks/88bef_%40react-three_fiber_dist_a53eb1a6._.js:2261:26)
    at loop (http://localhost:3000/_next/static/chunks/88bef_%40react-three_fiber_dist_a53eb1a6._.js:2287:23)
[  447858ms] ReferenceError: scrollState is not defined
    at Planet.useFrame [as current] (http://localhost:3000/_next/static/chunks/Desktop_portfolio-mission-control_src_9c666b12._.js?id=%255Bproject%255D%252FDesktop%252Fportfolio-mission-control%252Fsrc%252Fcomponents%252Fscene%252FPlanet.jsx+%255Bapp-client%255D+%2528ecmascript%2529:194:250)
    at update (http://localhost:3000/_next/static/chunks/88bef_%40react-three_fiber_dist_a53eb1a6._.js:2261:26)
    at loop (http://localhost:3000/_next/static/chunks/88bef_%40react-three_fiber_dist_a53eb1a6._.js:2287:23)
[  447868ms] ReferenceError: scrollState is not defined
    at Planet.useFrame [as current] (http://localhost:3000/_next/static/chunks/Desktop_portfolio-mission-control_src_9c666b12._.js?id=%255Bproject%255D%252FDesktop%252Fportfolio-mission-control%252Fsrc%252Fcomponents%252Fscene%252FPlanet.jsx+%255Bapp-client%255D+%2528ecmascript%2529:194:250)
    at update (http://localhost:3000/_next/static/chunks/88bef_%40react-three_fiber_dist_a53eb1a6._.js:2261:26)
    at loop (http://localhost:3000/_next/static/chunks/88bef_%40react-three_fiber_dist_a53eb1a6._.js:2287:23)
[  447884ms] ReferenceError: scrollState is not defined
    at Planet.useFrame [as current] (http://localhost:3000/_next/static/chunks/Desktop_portfolio-mission-control_src_9c666b12._.js?id=%255Bproject%255D%252FDesktop%252Fportfolio-mission-control%252Fsrc%252Fcomponents%252Fscene%252FPlanet.jsx+%255Bapp-client%255D+%2528ecmascript%2529:194:250)
    at update (http://localhost:3000/_next/static/chunks/88bef_%40react-three_fiber_dist_a53eb1a6._.js:2261:26)
    at loop (http://localhost:3000/_next/static/chunks/88bef_%40react-three_fiber_dist_a53eb1a6._.js:2287:23)
[  447894ms] ReferenceError: scrollState is not defined
    at Planet.useFrame [as current] (http://localhost:3000/_next/static/chunks/Desktop_portfolio-mission-control_src_9c666b12._.js?id=%255Bproject%255D%252FDesktop%252Fportfolio-mission-control%252Fsrc%252Fcomponents%252Fscene%252FPlanet.jsx+%255Bapp-client%255D+%2528ecmascript%2529:194:250)
    at update (http://localhost:3000/_next/static/chunks/88bef_%40react-three_fiber_dist_a53eb1a6._.js:2261:26)
    at loop (http://localhost:3000/_next/static/chunks/88bef_%40react-three_fiber_dist_a53eb1a6._.js:2287:23)
[  447909ms] ReferenceError: scrollState is not defined
    at Planet.useFrame [as current] (http://localhost:3000/_next/static/chunks/Desktop_portfolio-mission-control_src_9c666b12._.js?id=%255Bproject%255D%252FDesktop%252Fportfolio-mission-control%252Fsrc%252Fcomponents%252Fscene%252FPlanet.jsx+%255Bapp-client%255D+%2528ecmascript%2529:194:250)
    at update (http://localhost:3000/_next/static/chunks/88bef_%40react-three_fiber_dist_a53eb1a6._.js:2261:26)
    at loop (http://localhost:3000/_next/static/chunks/88bef_%40react-three_fiber_dist_a53eb1a6._.js:2287:23)
[  447926ms] ReferenceError: scrollState is not defined
    at Planet.useFrame [as current] (http://localhost:3000/_next/static/chunks/Desktop_portfolio-mission-control_src_9c666b12._.js?id=%255Bproject%255D%252FDesktop%252Fportfolio-mission-control%252Fsrc%252Fcomponents%252Fscene%252FPlanet.jsx+%255Bapp-client%255D+%2528ecmascript%2529:194:250)
    at update (http://localhost:3000/_next/static/chunks/88bef_%40react-three_fiber_dist_a53eb1a6._.js:2261:26)
    at loop (http://localhost:3000/_next/static/chunks/88bef_%40react-three_fiber_dist_a53eb1a6._.js:2287:23)
[  447934ms] ReferenceError: scrollState is not defined
    at Planet.useFrame [as current] (http://localhost:3000/_next/static/chunks/Desktop_portfolio-mission-control_src_9c666b12._.js?id=%255Bproject%255D%252FDesktop%252Fportfolio-mission-control%252Fsrc%252Fcomponents%252Fscene%252FPlanet.jsx+%255Bapp-client%255D+%2528ecmascript%2529:194:250)
    at update (http://localhost:3000/_next/static/chunks/88bef_%40react-three_fiber_dist_a53eb1a6._.js:2261:26)
    at loop (http://localhost:3000/_next/static/chunks/88bef_%40react-three_fiber_dist_a53eb1a6._.js:2287:23)
[  447949ms] ReferenceError: scrollState is not defined
    at Planet.useFrame [as current] (http://localhost:3000/_next/static/chunks/Desktop_portfolio-mission-control_src_9c666b12._.js?id=%255Bproject%255D%252FDesktop%252Fportfolio-mission-control%252Fsrc%252Fcomponents%252Fscene%252FPlanet.jsx+%255Bapp-client%255D+%2528ecmascript%2529:194:250)
    at update (http://localhost:3000/_next/static/chunks/88bef_%40react-three_fiber_dist_a53eb1a6._.js:2261:26)
    at loop (http://localhost:3000/_next/static/chunks/88bef_%40react-three_fiber_dist_a53eb1a6._.js:2287:23)
[  447961ms] ReferenceError: scrollState is not defined
    at Planet.useFrame [as current] (http://localhost:3000/_next/static/chunks/Desktop_portfolio-mission-control_src_9c666b12._.js?id=%255Bproject%255D%252FDesktop%252Fportfolio-mission-control%252Fsrc%252Fcomponents%252Fscene%252FPlanet.jsx+%255Bapp-client%255D+%2528ecmascript%2529:194:250)
    at update (http://localhost:3000/_next/static/chunks/88bef_%40react-three_fiber_dist_a53eb1a6._.js:2261:26)
    at loop (http://localhost:3000/_next/static/chunks/88bef_%40react-three_fiber_dist_a53eb1a6._.js:2287:23)
[  447975ms] ReferenceError: scrollState is not defined
    at Planet.useFrame [as current] (http://localhost:3000/_next/static/chunks/Desktop_portfolio-mission-control_src_9c666b12._.js?id=%255Bproject%255D%252FDesktop%252Fportfolio-mission-control%252Fsrc%252Fcomponents%252Fscene%252FPlanet.jsx+%255Bapp-client%255D+%2528ecmascript%2529:194:250)
    at update (http://localhost:3000/_next/static/chunks/88bef_%40react-three_fiber_dist_a53eb1a6._.js:2261:26)
    at loop (http://localhost:3000/_next/static/chunks/88bef_%40react-three_fiber_dist_a53eb1a6._.js:2287:23)
[  447988ms] ReferenceError: scrollState is not defined
    at Planet.useFrame [as current] (http://localhost:3000/_next/static/chunks/Desktop_portfolio-mission-control_src_9c666b12._.js?id=%255Bproject%255D%252FDesktop%252Fportfolio-mission-control%252Fsrc%252Fcomponents%252Fscene%252FPlanet.jsx+%255Bapp-client%255D+%2528ecmascript%2529:194:250)
    at update (http://localhost:3000/_next/static/chunks/88bef_%40react-three_fiber_dist_a53eb1a6._.js:2261:26)
    at loop (http://localhost:3000/_next/static/chunks/88bef_%40react-three_fiber_dist_a53eb1a6._.js:2287:23)
[  448003ms] ReferenceError: scrollState is not defined
    at Planet.useFrame [as current] (http://localhost:3000/_next/static/chunks/Desktop_portfolio-mission-control_src_9c666b12._.js?id=%255Bproject%255D%252FDesktop%252Fportfolio-mission-control%252Fsrc%252Fcomponents%252Fscene%252FPlanet.jsx+%255Bapp-client%255D+%2528ecmascript%2529:194:250)
    at update (http://localhost:3000/_next/static/chunks/88bef_%40react-three_fiber_dist_a53eb1a6._.js:2261:26)
    at loop (http://localhost:3000/_next/static/chunks/88bef_%40react-three_fiber_dist_a53eb1a6._.js:2287:23)
[  448013ms] ReferenceError: scrollState is not defined
    at Planet.useFrame [as current] (http://localhost:3000/_next/static/chunks/Desktop_portfolio-mission-control_src_9c666b12._.js?id=%255Bproject%255D%252FDesktop%252Fportfolio-mission-control%252Fsrc%252Fcomponents%252Fscene%252FPlanet.jsx+%255Bapp-client%255D+%2528ecmascript%2529:194:250)
    at update (http://localhost:3000/_next/static/chunks/88bef_%40react-three_fiber_dist_a53eb1a6._.js:2261:26)
    at loop (http://localhost:3000/_next/static/chunks/88bef_%40react-three_fiber_dist_a53eb1a6._.js:2287:23)
[  448028ms] ReferenceError: scrollState is not defined
    at Planet.useFrame [as current] (http://localhost:3000/_next/static/chunks/Desktop_portfolio-mission-control_src_9c666b12._.js?id=%255Bproject%255D%252FDesktop%252Fportfolio-mission-control%252Fsrc%252Fcomponents%252Fscene%252FPlanet.jsx+%255Bapp-client%255D+%2528ecmascript%2529:194:250)
    at update (http://localhost:3000/_next/static/chunks/88bef_%40react-three_fiber_dist_a53eb1a6._.js:2261:26)
    at loop (http://localhost:3000/_next/static/chunks/88bef_%40react-three_fiber_dist_a53eb1a6._.js:2287:23)
[  448043ms] ReferenceError: scrollState is not defined
    at Planet.useFrame [as current] (http://localhost:3000/_next/static/chunks/Desktop_portfolio-mission-control_src_9c666b12._.js?id=%255Bproject%255D%252FDesktop%252Fportfolio-mission-control%252Fsrc%252Fcomponents%252Fscene%252FPlanet.jsx+%255Bapp-client%255D+%2528ecmascript%2529:194:250)
    at update (http://localhost:3000/_next/static/chunks/88bef_%40react-three_fiber_dist_a53eb1a6._.js:2261:26)
    at loop (http://localhost:3000/_next/static/chunks/88bef_%40react-three_fiber_dist_a53eb1a6._.js:2287:23)
[  448054ms] ReferenceError: scrollState is not defined
    at Planet.useFrame [as current] (http://localhost:3000/_next/static/chunks/Desktop_portfolio-mission-control_src_9c666b12._.js?id=%255Bproject%255D%252FDesktop%252Fportfolio-mission-control%252Fsrc%252Fcomponents%252Fscene%252FPlanet.jsx+%255Bapp-client%255D+%2528ecmascript%2529:194:250)
    at update (http://localhost:3000/_next/static/chunks/88bef_%40react-three_fiber_dist_a53eb1a6._.js:2261:26)
    at loop (http://localhost:3000/_next/static/chunks/88bef_%40react-three_fiber_dist_a53eb1a6._.js:2287:23)
[  448068ms] ReferenceError: scrollState is not defined
    at Planet.useFrame [as current] (http://localhost:3000/_next/static/chunks/Desktop_portfolio-mission-control_src_9c666b12._.js?id=%255Bproject%255D%252FDesktop%252Fportfolio-mission-control%252Fsrc%252Fcomponents%252Fscene%252FPlanet.jsx+%255Bapp-client%255D+%2528ecmascript%2529:194:250)
    at update (http://localhost:3000/_next/static/chunks/88bef_%40react-three_fiber_dist_a53eb1a6._.js:2261:26)
    at loop (http://localhost:3000/_next/static/chunks/88bef_%40react-three_fiber_dist_a53eb1a6._.js:2287:23)
[  448082ms] ReferenceError: scrollState is not defined
    at Planet.useFrame [as current] (http://localhost:3000/_next/static/chunks/Desktop_portfolio-mission-control_src_9c666b12._.js?id=%255Bproject%255D%252FDesktop%252Fportfolio-mission-control%252Fsrc%252Fcomponents%252Fscene%252FPlanet.jsx+%255Bapp-client%255D+%2528ecmascript%2529:194:250)
    at update (http://localhost:3000/_next/static/chunks/88bef_%40react-three_fiber_dist_a53eb1a6._.js:2261:26)
    at loop (http://localhost:3000/_next/static/chunks/88bef_%40react-three_fiber_dist_a53eb1a6._.js:2287:23)
[  448097ms] ReferenceError: scrollState is not defined
    at Planet.useFrame [as current] (http://localhost:3000/_next/static/chunks/Desktop_portfolio-mission-control_src_9c666b12._.js?id=%255Bproject%255D%252FDesktop%252Fportfolio-mission-control%252Fsrc%252Fcomponents%252Fscene%252FPlanet.jsx+%255Bapp-client%255D+%2528ecmascript%2529:194:250)
    at update (http://localhost:3000/_next/static/chunks/88bef_%40react-three_fiber_dist_a53eb1a6._.js:2261:26)
    at loop (http://localhost:3000/_next/static/chunks/88bef_%40react-three_fiber_dist_a53eb1a6._.js:2287:23)
[  448108ms] ReferenceError: scrollState is not defined
    at Planet.useFrame [as current] (http://localhost:3000/_next/static/chunks/Desktop_portfolio-mission-control_src_9c666b12._.js?id=%255Bproject%255D%252FDesktop%252Fportfolio-mission-control%252Fsrc%252Fcomponents%252Fscene%252FPlanet.jsx+%255Bapp-client%255D+%2528ecmascript%2529:194:250)
    at update (http://localhost:3000/_next/static/chunks/88bef_%40react-three_fiber_dist_a53eb1a6._.js:2261:26)
    at loop (http://localhost:3000/_next/static/chunks/88bef_%40react-three_fiber_dist_a53eb1a6._.js:2287:23)
[  448122ms] ReferenceError: scrollState is not defined
    at Planet.useFrame [as current] (http://localhost:3000/_next/static/chunks/Desktop_portfolio-mission-control_src_9c666b12._.js?id=%255Bproject%255D%252FDesktop%252Fportfolio-mission-control%252Fsrc%252Fcomponents%252Fscene%252FPlanet.jsx+%255Bapp-client%255D+%2528ecmascript%2529:194:250)
    at update (http://localhost:3000/_next/static/chunks/88bef_%40react-three_fiber_dist_a53eb1a6._.js:2261:26)
    at loop (http://localhost:3000/_next/static/chunks/88bef_%40react-three_fiber_dist_a53eb1a6._.js:2287:23)
[  448134ms] ReferenceError: scrollState is not defined
    at Planet.useFrame [as current] (http://localhost:3000/_next/static/chunks/Desktop_portfolio-mission-control_src_9c666b12._.js?id=%255Bproject%255D%252FDesktop%252Fportfolio-mission-control%252Fsrc%252Fcomponents%252Fscene%252FPlanet.jsx+%255Bapp-client%255D+%2528ecmascript%2529:194:250)
    at update (http://localhost:3000/_next/static/chunks/88bef_%40react-three_fiber_dist_a53eb1a6._.js:2261:26)
    at loop (http://localhost:3000/_next/static/chunks/88bef_%40react-three_fiber_dist_a53eb1a6._.js:2287:23)
[  448148ms] ReferenceError: scrollState is not defined
    at Planet.useFrame [as current] (http://localhost:3000/_next/static/chunks/Desktop_portfolio-mission-control_src_9c666b12._.js?id=%255Bproject%255D%252FDesktop%252Fportfolio-mission-control%252Fsrc%252Fcomponents%252Fscene%252FPlanet.jsx+%255Bapp-client%255D+%2528ecmascript%2529:194:250)
    at update (http://localhost:3000/_next/static/chunks/88bef_%40react-three_fiber_dist_a53eb1a6._.js:2261:26)
    at loop (http://localhost:3000/_next/static/chunks/88bef_%40react-three_fiber_dist_a53eb1a6._.js:2287:23)
[  448161ms] ReferenceError: scrollState is not defined
    at Planet.useFrame [as current] (http://localhost:3000/_next/static/chunks/Desktop_portfolio-mission-control_src_9c666b12._.js?id=%255Bproject%255D%252FDesktop%252Fportfolio-mission-control%252Fsrc%252Fcomponents%252Fscene%252FPlanet.jsx+%255Bapp-client%255D+%2528ecmascript%2529:194:250)
    at update (http://localhost:3000/_next/static/chunks/88bef_%40react-three_fiber_dist_a53eb1a6._.js:2261:26)
    at loop (http://localhost:3000/_next/static/chunks/88bef_%40react-three_fiber_dist_a53eb1a6._.js:2287:23)
[  448174ms] ReferenceError: scrollState is not defined
    at Planet.useFrame [as current] (http://localhost:3000/_next/static/chunks/Desktop_portfolio-mission-control_src_9c666b12._.js?id=%255Bproject%255D%252FDesktop%252Fportfolio-mission-control%252Fsrc%252Fcomponents%252Fscene%252FPlanet.jsx+%255Bapp-client%255D+%2528ecmascript%2529:194:250)
    at update (http://localhost:3000/_next/static/chunks/88bef_%40react-three_fiber_dist_a53eb1a6._.js:2261:26)
    at loop (http://localhost:3000/_next/static/chunks/88bef_%40react-three_fiber_dist_a53eb1a6._.js:2287:23)
[  448188ms] ReferenceError: scrollState is not defined
    at Planet.useFrame [as current] (http://localhost:3000/_next/static/chunks/Desktop_portfolio-mission-control_src_9c666b12._.js?id=%255Bproject%255D%252FDesktop%252Fportfolio-mission-control%252Fsrc%252Fcomponents%252Fscene%252FPlanet.jsx+%255Bapp-client%255D+%2528ecmascript%2529:194:250)
    at update (http://localhost:3000/_next/static/chunks/88bef_%40react-three_fiber_dist_a53eb1a6._.js:2261:26)
    at loop (http://localhost:3000/_next/static/chunks/88bef_%40react-three_fiber_dist_a53eb1a6._.js:2287:23)
[  448203ms] ReferenceError: scrollState is not defined
    at Planet.useFrame [as current] (http://localhost:3000/_next/static/chunks/Desktop_portfolio-mission-control_src_9c666b12._.js?id=%255Bproject%255D%252FDesktop%252Fportfolio-mission-control%252Fsrc%252Fcomponents%252Fscene%252FPlanet.jsx+%255Bapp-client%255D+%2528ecmascript%2529:194:250)
    at update (http://localhost:3000/_next/static/chunks/88bef_%40react-three_fiber_dist_a53eb1a6._.js:2261:26)
    at loop (http://localhost:3000/_next/static/chunks/88bef_%40react-three_fiber_dist_a53eb1a6._.js:2287:23)
[  448215ms] ReferenceError: scrollState is not defined
    at Planet.useFrame [as current] (http://localhost:3000/_next/static/chunks/Desktop_portfolio-mission-control_src_9c666b12._.js?id=%255Bproject%255D%252FDesktop%252Fportfolio-mission-control%252Fsrc%252Fcomponents%252Fscene%252FPlanet.jsx+%255Bapp-client%255D+%2528ecmascript%2529:194:250)
    at update (http://localhost:3000/_next/static/chunks/88bef_%40react-three_fiber_dist_a53eb1a6._.js:2261:26)
    at loop (http://localhost:3000/_next/static/chunks/88bef_%40react-three_fiber_dist_a53eb1a6._.js:2287:23)
[  448229ms] ReferenceError: scrollState is not defined
    at Planet.useFrame [as current] (http://localhost:3000/_next/static/chunks/Desktop_portfolio-mission-control_src_9c666b12._.js?id=%255Bproject%255D%252FDesktop%252Fportfolio-mission-control%252Fsrc%252Fcomponents%252Fscene%252FPlanet.jsx+%255Bapp-client%255D+%2528ecmascript%2529:194:250)
    at update (http://localhost:3000/_next/static/chunks/88bef_%40react-three_fiber_dist_a53eb1a6._.js:2261:26)
    at loop (http://localhost:3000/_next/static/chunks/88bef_%40react-three_fiber_dist_a53eb1a6._.js:2287:23)
[  448243ms] ReferenceError: scrollState is not defined
    at Planet.useFrame [as current] (http://localhost:3000/_next/static/chunks/Desktop_portfolio-mission-control_src_9c666b12._.js?id=%255Bproject%255D%252FDesktop%252Fportfolio-mission-control%252Fsrc%252Fcomponents%252Fscene%252FPlanet.jsx+%255Bapp-client%255D+%2528ecmascript%2529:194:250)
    at update (http://localhost:3000/_next/static/chunks/88bef_%40react-three_fiber_dist_a53eb1a6._.js:2261:26)
    at loop (http://localhost:3000/_next/static/chunks/88bef_%40react-three_fiber_dist_a53eb1a6._.js:2287:23)
[  448254ms] ReferenceError: scrollState is not defined
    at Planet.useFrame [as current] (http://localhost:3000/_next/static/chunks/Desktop_portfolio-mission-control_src_9c666b12._.js?id=%255Bproject%255D%252FDesktop%252Fportfolio-mission-control%252Fsrc%252Fcomponents%252Fscene%252FPlanet.jsx+%255Bapp-client%255D+%2528ecmascript%2529:194:250)
    at update (http://localhost:3000/_next/static/chunks/88bef_%40react-three_fiber_dist_a53eb1a6._.js:2261:26)
    at loop (http://localhost:3000/_next/static/chunks/88bef_%40react-three_fiber_dist_a53eb1a6._.js:2287:23)
[  448271ms] ReferenceError: scrollState is not defined
    at Planet.useFrame [as current] (http://localhost:3000/_next/static/chunks/Desktop_portfolio-mission-control_src_9c666b12._.js?id=%255Bproject%255D%252FDesktop%252Fportfolio-mission-control%252Fsrc%252Fcomponents%252Fscene%252FPlanet.jsx+%255Bapp-client%255D+%2528ecmascript%2529:194:250)
    at update (http://localhost:3000/_next/static/chunks/88bef_%40react-three_fiber_dist_a53eb1a6._.js:2261:26)
    at loop (http://localhost:3000/_next/static/chunks/88bef_%40react-three_fiber_dist_a53eb1a6._.js:2287:23)
[  448282ms] ReferenceError: scrollState is not defined
    at Planet.useFrame [as current] (http://localhost:3000/_next/static/chunks/Desktop_portfolio-mission-control_src_9c666b12._.js?id=%255Bproject%255D%252FDesktop%252Fportfolio-mission-control%252Fsrc%252Fcomponents%252Fscene%252FPlanet.jsx+%255Bapp-client%255D+%2528ecmascript%2529:194:250)
    at update (http://localhost:3000/_next/static/chunks/88bef_%40react-three_fiber_dist_a53eb1a6._.js:2261:26)
    at loop (http://localhost:3000/_next/static/chunks/88bef_%40react-three_fiber_dist_a53eb1a6._.js:2287:23)
[  448295ms] ReferenceError: scrollState is not defined
    at Planet.useFrame [as current] (http://localhost:3000/_next/static/chunks/Desktop_portfolio-mission-control_src_9c666b12._.js?id=%255Bproject%255D%252FDesktop%252Fportfolio-mission-control%252Fsrc%252Fcomponents%252Fscene%252FPlanet.jsx+%255Bapp-client%255D+%2528ecmascript%2529:194:250)
    at update (http://localhost:3000/_next/static/chunks/88bef_%40react-three_fiber_dist_a53eb1a6._.js:2261:26)
    at loop (http://localhost:3000/_next/static/chunks/88bef_%40react-three_fiber_dist_a53eb1a6._.js:2287:23)
[  448309ms] ReferenceError: scrollState is not defined
    at Planet.useFrame [as current] (http://localhost:3000/_next/static/chunks/Desktop_portfolio-mission-control_src_9c666b12._.js?id=%255Bproject%255D%252FDesktop%252Fportfolio-mission-control%252Fsrc%252Fcomponents%252Fscene%252FPlanet.jsx+%255Bapp-client%255D+%2528ecmascript%2529:194:250)
    at update (http://localhost:3000/_next/static/chunks/88bef_%40react-three_fiber_dist_a53eb1a6._.js:2261:26)
    at loop (http://localhost:3000/_next/static/chunks/88bef_%40react-three_fiber_dist_a53eb1a6._.js:2287:23)
[  448323ms] ReferenceError: scrollState is not defined
    at Planet.useFrame [as current] (http://localhost:3000/_next/static/chunks/Desktop_portfolio-mission-control_src_9c666b12._.js?id=%255Bproject%255D%252FDesktop%252Fportfolio-mission-control%252Fsrc%252Fcomponents%252Fscene%252FPlanet.jsx+%255Bapp-client%255D+%2528ecmascript%2529:194:250)
    at update (http://localhost:3000/_next/static/chunks/88bef_%40react-three_fiber_dist_a53eb1a6._.js:2261:26)
    at loop (http://localhost:3000/_next/static/chunks/88bef_%40react-three_fiber_dist_a53eb1a6._.js:2287:23)
[  448337ms] ReferenceError: scrollState is not defined
    at Planet.useFrame [as current] (http://localhost:3000/_next/static/chunks/Desktop_portfolio-mission-control_src_9c666b12._.js?id=%255Bproject%255D%252FDesktop%252Fportfolio-mission-control%252Fsrc%252Fcomponents%252Fscene%252FPlanet.jsx+%255Bapp-client%255D+%2528ecmascript%2529:194:250)
    at update (http://localhost:3000/_next/static/chunks/88bef_%40react-three_fiber_dist_a53eb1a6._.js:2261:26)
    at loop (http://localhost:3000/_next/static/chunks/88bef_%40react-three_fiber_dist_a53eb1a6._.js:2287:23)
[  448348ms] ReferenceError: scrollState is not defined
    at Planet.useFrame [as current] (http://localhost:3000/_next/static/chunks/Desktop_portfolio-mission-control_src_9c666b12._.js?id=%255Bproject%255D%252FDesktop%252Fportfolio-mission-control%252Fsrc%252Fcomponents%252Fscene%252FPlanet.jsx+%255Bapp-client%255D+%2528ecmascript%2529:194:250)
    at update (http://localhost:3000/_next/static/chunks/88bef_%40react-three_fiber_dist_a53eb1a6._.js:2261:26)
    at loop (http://localhost:3000/_next/static/chunks/88bef_%40react-three_fiber_dist_a53eb1a6._.js:2287:23)
[  448362ms] ReferenceError: scrollState is not defined
    at Planet.useFrame [as current] (http://localhost:3000/_next/static/chunks/Desktop_portfolio-mission-control_src_9c666b12._.js?id=%255Bproject%255D%252FDesktop%252Fportfolio-mission-control%252Fsrc%252Fcomponents%252Fscene%252FPlanet.jsx+%255Bapp-client%255D+%2528ecmascript%2529:194:250)
    at update (http://localhost:3000/_next/static/chunks/88bef_%40react-three_fiber_dist_a53eb1a6._.js:2261:26)
    at loop (http://localhost:3000/_next/static/chunks/88bef_%40react-three_fiber_dist_a53eb1a6._.js:2287:23)
[  448375ms] ReferenceError: scrollState is not defined
    at Planet.useFrame [as current] (http://localhost:3000/_next/static/chunks/Desktop_portfolio-mission-control_src_9c666b12._.js?id=%255Bproject%255D%252FDesktop%252Fportfolio-mission-control%252Fsrc%252Fcomponents%252Fscene%252FPlanet.jsx+%255Bapp-client%255D+%2528ecmascript%2529:194:250)
    at update (http://localhost:3000/_next/static/chunks/88bef_%40react-three_fiber_dist_a53eb1a6._.js:2261:26)
    at loop (http://localhost:3000/_next/static/chunks/88bef_%40react-three_fiber_dist_a53eb1a6._.js:2287:23)
[  448389ms] ReferenceError: scrollState is not defined
    at Planet.useFrame [as current] (http://localhost:3000/_next/static/chunks/Desktop_portfolio-mission-control_src_9c666b12._.js?id=%255Bproject%255D%252FDesktop%252Fportfolio-mission-control%252Fsrc%252Fcomponents%252Fscene%252FPlanet.jsx+%255Bapp-client%255D+%2528ecmascript%2529:194:250)
    at update (http://localhost:3000/_next/static/chunks/88bef_%40react-three_fiber_dist_a53eb1a6._.js:2261:26)
    at loop (http://localhost:3000/_next/static/chunks/88bef_%40react-three_fiber_dist_a53eb1a6._.js:2287:23)
[  448401ms] ReferenceError: scrollState is not defined
    at Planet.useFrame [as current] (http://localhost:3000/_next/static/chunks/Desktop_portfolio-mission-control_src_9c666b12._.js?id=%255Bproject%255D%252FDesktop%252Fportfolio-mission-control%252Fsrc%252Fcomponents%252Fscene%252FPlanet.jsx+%255Bapp-client%255D+%2528ecmascript%2529:194:250)
    at update (http://localhost:3000/_next/static/chunks/88bef_%40react-three_fiber_dist_a53eb1a6._.js:2261:26)
    at loop (http://localhost:3000/_next/static/chunks/88bef_%40react-three_fiber_dist_a53eb1a6._.js:2287:23)
[  448416ms] ReferenceError: scrollState is not defined
    at Planet.useFrame [as current] (http://localhost:3000/_next/static/chunks/Desktop_portfolio-mission-control_src_9c666b12._.js?id=%255Bproject%255D%252FDesktop%252Fportfolio-mission-control%252Fsrc%252Fcomponents%252Fscene%252FPlanet.jsx+%255Bapp-client%255D+%2528ecmascript%2529:194:250)
    at update (http://localhost:3000/_next/static/chunks/88bef_%40react-three_fiber_dist_a53eb1a6._.js:2261:26)
    at loop (http://localhost:3000/_next/static/chunks/88bef_%40react-three_fiber_dist_a53eb1a6._.js:2287:23)
[  448430ms] ReferenceError: scrollState is not defined
    at Planet.useFrame [as current] (http://localhost:3000/_next/static/chunks/Desktop_portfolio-mission-control_src_9c666b12._.js?id=%255Bproject%255D%252FDesktop%252Fportfolio-mission-control%252Fsrc%252Fcomponents%252Fscene%252FPlanet.jsx+%255Bapp-client%255D+%2528ecmascript%2529:194:250)
    at update (http://localhost:3000/_next/static/chunks/88bef_%40react-three_fiber_dist_a53eb1a6._.js:2261:26)
    at loop (http://localhost:3000/_next/static/chunks/88bef_%40react-three_fiber_dist_a53eb1a6._.js:2287:23)
[  448441ms] ReferenceError: scrollState is not defined
    at Planet.useFrame [as current] (http://localhost:3000/_next/static/chunks/Desktop_portfolio-mission-control_src_9c666b12._.js?id=%255Bproject%255D%252FDesktop%252Fportfolio-mission-control%252Fsrc%252Fcomponents%252Fscene%252FPlanet.jsx+%255Bapp-client%255D+%2528ecmascript%2529:194:250)
    at update (http://localhost:3000/_next/static/chunks/88bef_%40react-three_fiber_dist_a53eb1a6._.js:2261:26)
    at loop (http://localhost:3000/_next/static/chunks/88bef_%40react-three_fiber_dist_a53eb1a6._.js:2287:23)
[  448455ms] ReferenceError: scrollState is not defined
    at Planet.useFrame [as current] (http://localhost:3000/_next/static/chunks/Desktop_portfolio-mission-control_src_9c666b12._.js?id=%255Bproject%255D%252FDesktop%252Fportfolio-mission-control%252Fsrc%252Fcomponents%252Fscene%252FPlanet.jsx+%255Bapp-client%255D+%2528ecmascript%2529:194:250)
    at update (http://localhost:3000/_next/static/chunks/88bef_%40react-three_fiber_dist_a53eb1a6._.js:2261:26)
    at loop (http://localhost:3000/_next/static/chunks/88bef_%40react-three_fiber_dist_a53eb1a6._.js:2287:23)
[  448469ms] ReferenceError: scrollState is not defined
    at Planet.useFrame [as current] (http://localhost:3000/_next/static/chunks/Desktop_portfolio-mission-control_src_9c666b12._.js?id=%255Bproject%255D%252FDesktop%252Fportfolio-mission-control%252Fsrc%252Fcomponents%252Fscene%252FPlanet.jsx+%255Bapp-client%255D+%2528ecmascript%2529:194:250)
    at update (http://localhost:3000/_next/static/chunks/88bef_%40react-three_fiber_dist_a53eb1a6._.js:2261:26)
    at loop (http://localhost:3000/_next/static/chunks/88bef_%40react-three_fiber_dist_a53eb1a6._.js:2287:23)
[  448482ms] ReferenceError: scrollState is not defined
    at Planet.useFrame [as current] (http://localhost:3000/_next/static/chunks/Desktop_portfolio-mission-control_src_9c666b12._.js?id=%255Bproject%255D%252FDesktop%252Fportfolio-mission-control%252Fsrc%252Fcomponents%252Fscene%252FPlanet.jsx+%255Bapp-client%255D+%2528ecmascript%2529:194:250)
    at update (http://localhost:3000/_next/static/chunks/88bef_%40react-three_fiber_dist_a53eb1a6._.js:2261:26)
    at loop (http://localhost:3000/_next/static/chunks/88bef_%40react-three_fiber_dist_a53eb1a6._.js:2287:23)
[  448496ms] ReferenceError: scrollState is not defined
    at Planet.useFrame [as current] (http://localhost:3000/_next/static/chunks/Desktop_portfolio-mission-control_src_9c666b12._.js?id=%255Bproject%255D%252FDesktop%252Fportfolio-mission-control%252Fsrc%252Fcomponents%252Fscene%252FPlanet.jsx+%255Bapp-client%255D+%2528ecmascript%2529:194:250)
    at update (http://localhost:3000/_next/static/chunks/88bef_%40react-three_fiber_dist_a53eb1a6._.js:2261:26)
    at loop (http://localhost:3000/_next/static/chunks/88bef_%40react-three_fiber_dist_a53eb1a6._.js:2287:23)
[  448510ms] ReferenceError: scrollState is not defined
    at Planet.useFrame [as current] (http://localhost:3000/_next/static/chunks/Desktop_portfolio-mission-control_src_9c666b12._.js?id=%255Bproject%255D%252FDesktop%252Fportfolio-mission-control%252Fsrc%252Fcomponents%252Fscene%252FPlanet.jsx+%255Bapp-client%255D+%2528ecmascript%2529:194:250)
    at update (http://localhost:3000/_next/static/chunks/88bef_%40react-three_fiber_dist_a53eb1a6._.js:2261:26)
    at loop (http://localhost:3000/_next/static/chunks/88bef_%40react-three_fiber_dist_a53eb1a6._.js:2287:23)
[  448523ms] ReferenceError: scrollState is not defined
    at Planet.useFrame [as current] (http://localhost:3000/_next/static/chunks/Desktop_portfolio-mission-control_src_9c666b12._.js?id=%255Bproject%255D%252FDesktop%252Fportfolio-mission-control%252Fsrc%252Fcomponents%252Fscene%252FPlanet.jsx+%255Bapp-client%255D+%2528ecmascript%2529:194:250)
    at update (http://localhost:3000/_next/static/chunks/88bef_%40react-three_fiber_dist_a53eb1a6._.js:2261:26)
    at loop (http://localhost:3000/_next/static/chunks/88bef_%40react-three_fiber_dist_a53eb1a6._.js:2287:23)
[  448534ms] ReferenceError: scrollState is not defined
    at Planet.useFrame [as current] (http://localhost:3000/_next/static/chunks/Desktop_portfolio-mission-control_src_9c666b12._.js?id=%255Bproject%255D%252FDesktop%252Fportfolio-mission-control%252Fsrc%252Fcomponents%252Fscene%252FPlanet.jsx+%255Bapp-client%255D+%2528ecmascript%2529:194:250)
    at update (http://localhost:3000/_next/static/chunks/88bef_%40react-three_fiber_dist_a53eb1a6._.js:2261:26)
    at loop (http://localhost:3000/_next/static/chunks/88bef_%40react-three_fiber_dist_a53eb1a6._.js:2287:23)
[  448549ms] ReferenceError: scrollState is not defined
    at Planet.useFrame [as current] (http://localhost:3000/_next/static/chunks/Desktop_portfolio-mission-control_src_9c666b12._.js?id=%255Bproject%255D%252FDesktop%252Fportfolio-mission-control%252Fsrc%252Fcomponents%252Fscene%252FPlanet.jsx+%255Bapp-client%255D+%2528ecmascript%2529:194:250)
    at update (http://localhost:3000/_next/static/chunks/88bef_%40react-three_fiber_dist_a53eb1a6._.js:2261:26)
    at loop (http://localhost:3000/_next/static/chunks/88bef_%40react-three_fiber_dist_a53eb1a6._.js:2287:23)
[  448561ms] ReferenceError: scrollState is not defined
    at Planet.useFrame [as current] (http://localhost:3000/_next/static/chunks/Desktop_portfolio-mission-control_src_9c666b12._.js?id=%255Bproject%255D%252FDesktop%252Fportfolio-mission-control%252Fsrc%252Fcomponents%252Fscene%252FPlanet.jsx+%255Bapp-client%255D+%2528ecmascript%2529:194:250)
    at update (http://localhost:3000/_next/static/chunks/88bef_%40react-three_fiber_dist_a53eb1a6._.js:2261:26)
    at loop (http://localhost:3000/_next/static/chunks/88bef_%40react-three_fiber_dist_a53eb1a6._.js:2287:23)
[  448577ms] ReferenceError: scrollState is not defined
    at Planet.useFrame [as current] (http://localhost:3000/_next/static/chunks/Desktop_portfolio-mission-control_src_9c666b12._.js?id=%255Bproject%255D%252FDesktop%252Fportfolio-mission-control%252Fsrc%252Fcomponents%252Fscene%252FPlanet.jsx+%255Bapp-client%255D+%2528ecmascript%2529:194:250)
    at update (http://localhost:3000/_next/static/chunks/88bef_%40react-three_fiber_dist_a53eb1a6._.js:2261:26)
    at loop (http://localhost:3000/_next/static/chunks/88bef_%40react-three_fiber_dist_a53eb1a6._.js:2287:23)
[  448588ms] ReferenceError: scrollState is not defined
    at Planet.useFrame [as current] (http://localhost:3000/_next/static/chunks/Desktop_portfolio-mission-control_src_9c666b12._.js?id=%255Bproject%255D%252FDesktop%252Fportfolio-mission-control%252Fsrc%252Fcomponents%252Fscene%252FPlanet.jsx+%255Bapp-client%255D+%2528ecmascript%2529:194:250)
    at update (http://localhost:3000/_next/static/chunks/88bef_%40react-three_fiber_dist_a53eb1a6._.js:2261:26)
    at loop (http://localhost:3000/_next/static/chunks/88bef_%40react-three_fiber_dist_a53eb1a6._.js:2287:23)
[  448602ms] ReferenceError: scrollState is not defined
    at Planet.useFrame [as current] (http://localhost:3000/_next/static/chunks/Desktop_portfolio-mission-control_src_9c666b12._.js?id=%255Bproject%255D%252FDesktop%252Fportfolio-mission-control%252Fsrc%252Fcomponents%252Fscene%252FPlanet.jsx+%255Bapp-client%255D+%2528ecmascript%2529:194:250)
    at update (http://localhost:3000/_next/static/chunks/88bef_%40react-three_fiber_dist_a53eb1a6._.js:2261:26)
    at loop (http://localhost:3000/_next/static/chunks/88bef_%40react-three_fiber_dist_a53eb1a6._.js:2287:23)
[  448615ms] ReferenceError: scrollState is not defined
    at Planet.useFrame [as current] (http://localhost:3000/_next/static/chunks/Desktop_portfolio-mission-control_src_9c666b12._.js?id=%255Bproject%255D%252FDesktop%252Fportfolio-mission-control%252Fsrc%252Fcomponents%252Fscene%252FPlanet.jsx+%255Bapp-client%255D+%2528ecmascript%2529:194:250)
    at update (http://localhost:3000/_next/static/chunks/88bef_%40react-three_fiber_dist_a53eb1a6._.js:2261:26)
    at loop (http://localhost:3000/_next/static/chunks/88bef_%40react-three_fiber_dist_a53eb1a6._.js:2287:23)
[  448629ms] ReferenceError: scrollState is not defined
    at Planet.useFrame [as current] (http://localhost:3000/_next/static/chunks/Desktop_portfolio-mission-control_src_9c666b12._.js?id=%255Bproject%255D%252FDesktop%252Fportfolio-mission-control%252Fsrc%252Fcomponents%252Fscene%252FPlanet.jsx+%255Bapp-client%255D+%2528ecmascript%2529:194:250)
    at update (http://localhost:3000/_next/static/chunks/88bef_%40react-three_fiber_dist_a53eb1a6._.js:2261:26)
    at loop (http://localhost:3000/_next/static/chunks/88bef_%40react-three_fiber_dist_a53eb1a6._.js:2287:23)
[  448643ms] ReferenceError: scrollState is not defined
    at Planet.useFrame [as current] (http://localhost:3000/_next/static/chunks/Desktop_portfolio-mission-control_src_9c666b12._.js?id=%255Bproject%255D%252FDesktop%252Fportfolio-mission-control%252Fsrc%252Fcomponents%252Fscene%252FPlanet.jsx+%255Bapp-client%255D+%2528ecmascript%2529:194:250)
    at update (http://localhost:3000/_next/static/chunks/88bef_%40react-three_fiber_dist_a53eb1a6._.js:2261:26)
    at loop (http://localhost:3000/_next/static/chunks/88bef_%40react-three_fiber_dist_a53eb1a6._.js:2287:23)
[  448657ms] ReferenceError: scrollState is not defined
    at Planet.useFrame [as current] (http://localhost:3000/_next/static/chunks/Desktop_portfolio-mission-control_src_9c666b12._.js?id=%255Bproject%255D%252FDesktop%252Fportfolio-mission-control%252Fsrc%252Fcomponents%252Fscene%252FPlanet.jsx+%255Bapp-client%255D+%2528ecmascript%2529:194:250)
    at update (http://localhost:3000/_next/static/chunks/88bef_%40react-three_fiber_dist_a53eb1a6._.js:2261:26)
    at loop (http://localhost:3000/_next/static/chunks/88bef_%40react-three_fiber_dist_a53eb1a6._.js:2287:23)
[  448669ms] ReferenceError: scrollState is not defined
    at Planet.useFrame [as current] (http://localhost:3000/_next/static/chunks/Desktop_portfolio-mission-control_src_9c666b12._.js?id=%255Bproject%255D%252FDesktop%252Fportfolio-mission-control%252Fsrc%252Fcomponents%252Fscene%252FPlanet.jsx+%255Bapp-client%255D+%2528ecmascript%2529:194:250)
    at update (http://localhost:3000/_next/static/chunks/88bef_%40react-three_fiber_dist_a53eb1a6._.js:2261:26)
    at loop (http://localhost:3000/_next/static/chunks/88bef_%40react-three_fiber_dist_a53eb1a6._.js:2287:23)
[  448683ms] ReferenceError: scrollState is not defined
    at Planet.useFrame [as current] (http://localhost:3000/_next/static/chunks/Desktop_portfolio-mission-control_src_9c666b12._.js?id=%255Bproject%255D%252FDesktop%252Fportfolio-mission-control%252Fsrc%252Fcomponents%252Fscene%252FPlanet.jsx+%255Bapp-client%255D+%2528ecmascript%2529:194:250)
    at update (http://localhost:3000/_next/static/chunks/88bef_%40react-three_fiber_dist_a53eb1a6._.js:2261:26)
    at loop (http://localhost:3000/_next/static/chunks/88bef_%40react-three_fiber_dist_a53eb1a6._.js:2287:23)
[  448695ms] ReferenceError: scrollState is not defined
    at Planet.useFrame [as current] (http://localhost:3000/_next/static/chunks/Desktop_portfolio-mission-control_src_9c666b12._.js?id=%255Bproject%255D%252FDesktop%252Fportfolio-mission-control%252Fsrc%252Fcomponents%252Fscene%252FPlanet.jsx+%255Bapp-client%255D+%2528ecmascript%2529:194:250)
    at update (http://localhost:3000/_next/static/chunks/88bef_%40react-three_fiber_dist_a53eb1a6._.js:2261:26)
    at loop (http://localhost:3000/_next/static/chunks/88bef_%40react-three_fiber_dist_a53eb1a6._.js:2287:23)
[  448709ms] ReferenceError: scrollState is not defined
    at Planet.useFrame [as current] (http://localhost:3000/_next/static/chunks/Desktop_portfolio-mission-control_src_9c666b12._.js?id=%255Bproject%255D%252FDesktop%252Fportfolio-mission-control%252Fsrc%252Fcomponents%252Fscene%252FPlanet.jsx+%255Bapp-client%255D+%2528ecmascript%2529:194:250)
    at update (http://localhost:3000/_next/static/chunks/88bef_%40react-three_fiber_dist_a53eb1a6._.js:2261:26)
    at loop (http://localhost:3000/_next/static/chunks/88bef_%40react-three_fiber_dist_a53eb1a6._.js:2287:23)
[  448721ms] ReferenceError: scrollState is not defined
    at Planet.useFrame [as current] (http://localhost:3000/_next/static/chunks/Desktop_portfolio-mission-control_src_9c666b12._.js?id=%255Bproject%255D%252FDesktop%252Fportfolio-mission-control%252Fsrc%252Fcomponents%252Fscene%252FPlanet.jsx+%255Bapp-client%255D+%2528ecmascript%2529:194:250)
    at update (http://localhost:3000/_next/static/chunks/88bef_%40react-three_fiber_dist_a53eb1a6._.js:2261:26)
    at loop (http://localhost:3000/_next/static/chunks/88bef_%40react-three_fiber_dist_a53eb1a6._.js:2287:23)
[  448736ms] ReferenceError: scrollState is not defined
    at Planet.useFrame [as current] (http://localhost:3000/_next/static/chunks/Desktop_portfolio-mission-control_src_9c666b12._.js?id=%255Bproject%255D%252FDesktop%252Fportfolio-mission-control%252Fsrc%252Fcomponents%252Fscene%252FPlanet.jsx+%255Bapp-client%255D+%2528ecmascript%2529:194:250)
    at update (http://localhost:3000/_next/static/chunks/88bef_%40react-three_fiber_dist_a53eb1a6._.js:2261:26)
    at loop (http://localhost:3000/_next/static/chunks/88bef_%40react-three_fiber_dist_a53eb1a6._.js:2287:23)
[  448751ms] ReferenceError: scrollState is not defined
    at Planet.useFrame [as current] (http://localhost:3000/_next/static/chunks/Desktop_portfolio-mission-control_src_9c666b12._.js?id=%255Bproject%255D%252FDesktop%252Fportfolio-mission-control%252Fsrc%252Fcomponents%252Fscene%252FPlanet.jsx+%255Bapp-client%255D+%2528ecmascript%2529:194:250)
    at update (http://localhost:3000/_next/static/chunks/88bef_%40react-three_fiber_dist_a53eb1a6._.js:2261:26)
    at loop (http://localhost:3000/_next/static/chunks/88bef_%40react-three_fiber_dist_a53eb1a6._.js:2287:23)
[  448763ms] ReferenceError: scrollState is not defined
    at Planet.useFrame [as current] (http://localhost:3000/_next/static/chunks/Desktop_portfolio-mission-control_src_9c666b12._.js?id=%255Bproject%255D%252FDesktop%252Fportfolio-mission-control%252Fsrc%252Fcomponents%252Fscene%252FPlanet.jsx+%255Bapp-client%255D+%2528ecmascript%2529:194:250)
    at update (http://localhost:3000/_next/static/chunks/88bef_%40react-three_fiber_dist_a53eb1a6._.js:2261:26)
    at loop (http://localhost:3000/_next/static/chunks/88bef_%40react-three_fiber_dist_a53eb1a6._.js:2287:23)
[  448777ms] ReferenceError: scrollState is not defined
    at Planet.useFrame [as current] (http://localhost:3000/_next/static/chunks/Desktop_portfolio-mission-control_src_9c666b12._.js?id=%255Bproject%255D%252FDesktop%252Fportfolio-mission-control%252Fsrc%252Fcomponents%252Fscene%252FPlanet.jsx+%255Bapp-client%255D+%2528ecmascript%2529:194:250)
    at update (http://localhost:3000/_next/static/chunks/88bef_%40react-three_fiber_dist_a53eb1a6._.js:2261:26)
    at loop (http://localhost:3000/_next/static/chunks/88bef_%40react-three_fiber_dist_a53eb1a6._.js:2287:23)
[  448791ms] ReferenceError: scrollState is not defined
    at Planet.useFrame [as current] (http://localhost:3000/_next/static/chunks/Desktop_portfolio-mission-control_src_9c666b12._.js?id=%255Bproject%255D%252FDesktop%252Fportfolio-mission-control%252Fsrc%252Fcomponents%252Fscene%252FPlanet.jsx+%255Bapp-client%255D+%2528ecmascript%2529:194:250)
    at update (http://localhost:3000/_next/static/chunks/88bef_%40react-three_fiber_dist_a53eb1a6._.js:2261:26)
    at loop (http://localhost:3000/_next/static/chunks/88bef_%40react-three_fiber_dist_a53eb1a6._.js:2287:23)
[  448802ms] ReferenceError: scrollState is not defined
    at Planet.useFrame [as current] (http://localhost:3000/_next/static/chunks/Desktop_portfolio-mission-control_src_9c666b12._.js?id=%255Bproject%255D%252FDesktop%252Fportfolio-mission-control%252Fsrc%252Fcomponents%252Fscene%252FPlanet.jsx+%255Bapp-client%255D+%2528ecmascript%2529:194:250)
    at update (http://localhost:3000/_next/static/chunks/88bef_%40react-three_fiber_dist_a53eb1a6._.js:2261:26)
    at loop (http://localhost:3000/_next/static/chunks/88bef_%40react-three_fiber_dist_a53eb1a6._.js:2287:23)
[  448814ms] ReferenceError: scrollState is not defined
    at Planet.useFrame [as current] (http://localhost:3000/_next/static/chunks/Desktop_portfolio-mission-control_src_9c666b12._.js?id=%255Bproject%255D%252FDesktop%252Fportfolio-mission-control%252Fsrc%252Fcomponents%252Fscene%252FPlanet.jsx+%255Bapp-client%255D+%2528ecmascript%2529:194:250)
    at update (http://localhost:3000/_next/static/chunks/88bef_%40react-three_fiber_dist_a53eb1a6._.js:2261:26)
    at loop (http://localhost:3000/_next/static/chunks/88bef_%40react-three_fiber_dist_a53eb1a6._.js:2287:23)
[  448829ms] ReferenceError: scrollState is not defined
    at Planet.useFrame [as current] (http://localhost:3000/_next/static/chunks/Desktop_portfolio-mission-control_src_9c666b12._.js?id=%255Bproject%255D%252FDesktop%252Fportfolio-mission-control%252Fsrc%252Fcomponents%252Fscene%252FPlanet.jsx+%255Bapp-client%255D+%2528ecmascript%2529:194:250)
    at update (http://localhost:3000/_next/static/chunks/88bef_%40react-three_fiber_dist_a53eb1a6._.js:2261:26)
    at loop (http://localhost:3000/_next/static/chunks/88bef_%40react-three_fiber_dist_a53eb1a6._.js:2287:23)
[  448843ms] ReferenceError: scrollState is not defined
    at Planet.useFrame [as current] (http://localhost:3000/_next/static/chunks/Desktop_portfolio-mission-control_src_9c666b12._.js?id=%255Bproject%255D%252FDesktop%252Fportfolio-mission-control%252Fsrc%252Fcomponents%252Fscene%252FPlanet.jsx+%255Bapp-client%255D+%2528ecmascript%2529:194:250)
    at update (http://localhost:3000/_next/static/chunks/88bef_%40react-three_fiber_dist_a53eb1a6._.js:2261:26)
    at loop (http://localhost:3000/_next/static/chunks/88bef_%40react-three_fiber_dist_a53eb1a6._.js:2287:23)
[  448856ms] ReferenceError: scrollState is not defined
    at Planet.useFrame [as current] (http://localhost:3000/_next/static/chunks/Desktop_portfolio-mission-control_src_9c666b12._.js?id=%255Bproject%255D%252FDesktop%252Fportfolio-mission-control%252Fsrc%252Fcomponents%252Fscene%252FPlanet.jsx+%255Bapp-client%255D+%2528ecmascript%2529:194:250)
    at update (http://localhost:3000/_next/static/chunks/88bef_%40react-three_fiber_dist_a53eb1a6._.js:2261:26)
    at loop (http://localhost:3000/_next/static/chunks/88bef_%40react-three_fiber_dist_a53eb1a6._.js:2287:23)
[  448870ms] ReferenceError: scrollState is not defined
    at Planet.useFrame [as current] (http://localhost:3000/_next/static/chunks/Desktop_portfolio-mission-control_src_9c666b12._.js?id=%255Bproject%255D%252FDesktop%252Fportfolio-mission-control%252Fsrc%252Fcomponents%252Fscene%252FPlanet.jsx+%255Bapp-client%255D+%2528ecmascript%2529:194:250)
    at update (http://localhost:3000/_next/static/chunks/88bef_%40react-three_fiber_dist_a53eb1a6._.js:2261:26)
    at loop (http://localhost:3000/_next/static/chunks/88bef_%40react-three_fiber_dist_a53eb1a6._.js:2287:23)
[  448882ms] ReferenceError: scrollState is not defined
    at Planet.useFrame [as current] (http://localhost:3000/_next/static/chunks/Desktop_portfolio-mission-control_src_9c666b12._.js?id=%255Bproject%255D%252FDesktop%252Fportfolio-mission-control%252Fsrc%252Fcomponents%252Fscene%252FPlanet.jsx+%255Bapp-client%255D+%2528ecmascript%2529:194:250)
    at update (http://localhost:3000/_next/static/chunks/88bef_%40react-three_fiber_dist_a53eb1a6._.js:2261:26)
    at loop (http://localhost:3000/_next/static/chunks/88bef_%40react-three_fiber_dist_a53eb1a6._.js:2287:23)
[  448900ms] ReferenceError: scrollState is not defined
    at Planet.useFrame [as current] (http://localhost:3000/_next/static/chunks/Desktop_portfolio-mission-control_src_9c666b12._.js?id=%255Bproject%255D%252FDesktop%252Fportfolio-mission-control%252Fsrc%252Fcomponents%252Fscene%252FPlanet.jsx+%255Bapp-client%255D+%2528ecmascript%2529:194:250)
    at update (http://localhost:3000/_next/static/chunks/88bef_%40react-three_fiber_dist_a53eb1a6._.js:2261:26)
    at loop (http://localhost:3000/_next/static/chunks/88bef_%40react-three_fiber_dist_a53eb1a6._.js:2287:23)
[  448908ms] ReferenceError: scrollState is not defined
    at Planet.useFrame [as current] (http://localhost:3000/_next/static/chunks/Desktop_portfolio-mission-control_src_9c666b12._.js?id=%255Bproject%255D%252FDesktop%252Fportfolio-mission-control%252Fsrc%252Fcomponents%252Fscene%252FPlanet.jsx+%255Bapp-client%255D+%2528ecmascript%2529:194:250)
    at update (http://localhost:3000/_next/static/chunks/88bef_%40react-three_fiber_dist_a53eb1a6._.js:2261:26)
    at loop (http://localhost:3000/_next/static/chunks/88bef_%40react-three_fiber_dist_a53eb1a6._.js:2287:23)
[  448922ms] ReferenceError: scrollState is not defined
    at Planet.useFrame [as current] (http://localhost:3000/_next/static/chunks/Desktop_portfolio-mission-control_src_9c666b12._.js?id=%255Bproject%255D%252FDesktop%252Fportfolio-mission-control%252Fsrc%252Fcomponents%252Fscene%252FPlanet.jsx+%255Bapp-client%255D+%2528ecmascript%2529:194:250)
    at update (http://localhost:3000/_next/static/chunks/88bef_%40react-three_fiber_dist_a53eb1a6._.js:2261:26)
    at loop (http://localhost:3000/_next/static/chunks/88bef_%40react-three_fiber_dist_a53eb1a6._.js:2287:23)
[  448935ms] ReferenceError: scrollState is not defined
    at Planet.useFrame [as current] (http://localhost:3000/_next/static/chunks/Desktop_portfolio-mission-control_src_9c666b12._.js?id=%255Bproject%255D%252FDesktop%252Fportfolio-mission-control%252Fsrc%252Fcomponents%252Fscene%252FPlanet.jsx+%255Bapp-client%255D+%2528ecmascript%2529:194:250)
    at update (http://localhost:3000/_next/static/chunks/88bef_%40react-three_fiber_dist_a53eb1a6._.js:2261:26)
    at loop (http://localhost:3000/_next/static/chunks/88bef_%40react-three_fiber_dist_a53eb1a6._.js:2287:23)
[  448950ms] ReferenceError: scrollState is not defined
    at Planet.useFrame [as current] (http://localhost:3000/_next/static/chunks/Desktop_portfolio-mission-control_src_9c666b12._.js?id=%255Bproject%255D%252FDesktop%252Fportfolio-mission-control%252Fsrc%252Fcomponents%252Fscene%252FPlanet.jsx+%255Bapp-client%255D+%2528ecmascript%2529:194:250)
    at update (http://localhost:3000/_next/static/chunks/88bef_%40react-three_fiber_dist_a53eb1a6._.js:2261:26)
    at loop (http://localhost:3000/_next/static/chunks/88bef_%40react-three_fiber_dist_a53eb1a6._.js:2287:23)
[  448963ms] ReferenceError: scrollState is not defined
    at Planet.useFrame [as current] (http://localhost:3000/_next/static/chunks/Desktop_portfolio-mission-control_src_9c666b12._.js?id=%255Bproject%255D%252FDesktop%252Fportfolio-mission-control%252Fsrc%252Fcomponents%252Fscene%252FPlanet.jsx+%255Bapp-client%255D+%2528ecmascript%2529:194:250)
    at update (http://localhost:3000/_next/static/chunks/88bef_%40react-three_fiber_dist_a53eb1a6._.js:2261:26)
    at loop (http://localhost:3000/_next/static/chunks/88bef_%40react-three_fiber_dist_a53eb1a6._.js:2287:23)
[  448977ms] ReferenceError: scrollState is not defined
    at Planet.useFrame [as current] (http://localhost:3000/_next/static/chunks/Desktop_portfolio-mission-control_src_9c666b12._.js?id=%255Bproject%255D%252FDesktop%252Fportfolio-mission-control%252Fsrc%252Fcomponents%252Fscene%252FPlanet.jsx+%255Bapp-client%255D+%2528ecmascript%2529:194:250)
    at update (http://localhost:3000/_next/static/chunks/88bef_%40react-three_fiber_dist_a53eb1a6._.js:2261:26)
    at loop (http://localhost:3000/_next/static/chunks/88bef_%40react-three_fiber_dist_a53eb1a6._.js:2287:23)
[  448989ms] ReferenceError: scrollState is not defined
    at Planet.useFrame [as current] (http://localhost:3000/_next/static/chunks/Desktop_portfolio-mission-control_src_9c666b12._.js?id=%255Bproject%255D%252FDesktop%252Fportfolio-mission-control%252Fsrc%252Fcomponents%252Fscene%252FPlanet.jsx+%255Bapp-client%255D+%2528ecmascript%2529:194:250)
    at update (http://localhost:3000/_next/static/chunks/88bef_%40react-three_fiber_dist_a53eb1a6._.js:2261:26)
    at loop (http://localhost:3000/_next/static/chunks/88bef_%40react-three_fiber_dist_a53eb1a6._.js:2287:23)
[  449002ms] ReferenceError: scrollState is not defined
    at Planet.useFrame [as current] (http://localhost:3000/_next/static/chunks/Desktop_portfolio-mission-control_src_9c666b12._.js?id=%255Bproject%255D%252FDesktop%252Fportfolio-mission-control%252Fsrc%252Fcomponents%252Fscene%252FPlanet.jsx+%255Bapp-client%255D+%2528ecmascript%2529:194:250)
    at update (http://localhost:3000/_next/static/chunks/88bef_%40react-three_fiber_dist_a53eb1a6._.js:2261:26)
    at loop (http://localhost:3000/_next/static/chunks/88bef_%40react-three_fiber_dist_a53eb1a6._.js:2287:23)
[  449016ms] ReferenceError: scrollState is not defined
    at Planet.useFrame [as current] (http://localhost:3000/_next/static/chunks/Desktop_portfolio-mission-control_src_9c666b12._.js?id=%255Bproject%255D%252FDesktop%252Fportfolio-mission-control%252Fsrc%252Fcomponents%252Fscene%252FPlanet.jsx+%255Bapp-client%255D+%2528ecmascript%2529:194:250)
    at update (http://localhost:3000/_next/static/chunks/88bef_%40react-three_fiber_dist_a53eb1a6._.js:2261:26)
    at loop (http://localhost:3000/_next/static/chunks/88bef_%40react-three_fiber_dist_a53eb1a6._.js:2287:23)
[  449030ms] ReferenceError: scrollState is not defined
    at Planet.useFrame [as current] (http://localhost:3000/_next/static/chunks/Desktop_portfolio-mission-control_src_9c666b12._.js?id=%255Bproject%255D%252FDesktop%252Fportfolio-mission-control%252Fsrc%252Fcomponents%252Fscene%252FPlanet.jsx+%255Bapp-client%255D+%2528ecmascript%2529:194:250)
    at update (http://localhost:3000/_next/static/chunks/88bef_%40react-three_fiber_dist_a53eb1a6._.js:2261:26)
    at loop (http://localhost:3000/_next/static/chunks/88bef_%40react-three_fiber_dist_a53eb1a6._.js:2287:23)
[  449041ms] ReferenceError: scrollState is not defined
    at Planet.useFrame [as current] (http://localhost:3000/_next/static/chunks/Desktop_portfolio-mission-control_src_9c666b12._.js?id=%255Bproject%255D%252FDesktop%252Fportfolio-mission-control%252Fsrc%252Fcomponents%252Fscene%252FPlanet.jsx+%255Bapp-client%255D+%2528ecmascript%2529:194:250)
    at update (http://localhost:3000/_next/static/chunks/88bef_%40react-three_fiber_dist_a53eb1a6._.js:2261:26)
    at loop (http://localhost:3000/_next/static/chunks/88bef_%40react-three_fiber_dist_a53eb1a6._.js:2287:23)
[  449057ms] ReferenceError: scrollState is not defined
    at Planet.useFrame [as current] (http://localhost:3000/_next/static/chunks/Desktop_portfolio-mission-control_src_9c666b12._.js?id=%255Bproject%255D%252FDesktop%252Fportfolio-mission-control%252Fsrc%252Fcomponents%252Fscene%252FPlanet.jsx+%255Bapp-client%255D+%2528ecmascript%2529:194:250)
    at update (http://localhost:3000/_next/static/chunks/88bef_%40react-three_fiber_dist_a53eb1a6._.js:2261:26)
    at loop (http://localhost:3000/_next/static/chunks/88bef_%40react-three_fiber_dist_a53eb1a6._.js:2287:23)
[  449067ms] ReferenceError: scrollState is not defined
    at Planet.useFrame [as current] (http://localhost:3000/_next/static/chunks/Desktop_portfolio-mission-control_src_9c666b12._.js?id=%255Bproject%255D%252FDesktop%252Fportfolio-mission-control%252Fsrc%252Fcomponents%252Fscene%252FPlanet.jsx+%255Bapp-client%255D+%2528ecmascript%2529:194:250)
    at update (http://localhost:3000/_next/static/chunks/88bef_%40react-three_fiber_dist_a53eb1a6._.js:2261:26)
    at loop (http://localhost:3000/_next/static/chunks/88bef_%40react-three_fiber_dist_a53eb1a6._.js:2287:23)
[  449081ms] ReferenceError: scrollState is not defined
    at Planet.useFrame [as current] (http://localhost:3000/_next/static/chunks/Desktop_portfolio-mission-control_src_9c666b12._.js?id=%255Bproject%255D%252FDesktop%252Fportfolio-mission-control%252Fsrc%252Fcomponents%252Fscene%252FPlanet.jsx+%255Bapp-client%255D+%2528ecmascript%2529:194:250)
    at update (http://localhost:3000/_next/static/chunks/88bef_%40react-three_fiber_dist_a53eb1a6._.js:2261:26)
    at loop (http://localhost:3000/_next/static/chunks/88bef_%40react-three_fiber_dist_a53eb1a6._.js:2287:23)
[  449096ms] ReferenceError: scrollState is not defined
    at Planet.useFrame [as current] (http://localhost:3000/_next/static/chunks/Desktop_portfolio-mission-control_src_9c666b12._.js?id=%255Bproject%255D%252FDesktop%252Fportfolio-mission-control%252Fsrc%252Fcomponents%252Fscene%252FPlanet.jsx+%255Bapp-client%255D+%2528ecmascript%2529:194:250)
    at update (http://localhost:3000/_next/static/chunks/88bef_%40react-three_fiber_dist_a53eb1a6._.js:2261:26)
    at loop (http://localhost:3000/_next/static/chunks/88bef_%40react-three_fiber_dist_a53eb1a6._.js:2287:23)
[  449110ms] ReferenceError: scrollState is not defined
    at Planet.useFrame [as current] (http://localhost:3000/_next/static/chunks/Desktop_portfolio-mission-control_src_9c666b12._.js?id=%255Bproject%255D%252FDesktop%252Fportfolio-mission-control%252Fsrc%252Fcomponents%252Fscene%252FPlanet.jsx+%255Bapp-client%255D+%2528ecmascript%2529:194:250)
    at update (http://localhost:3000/_next/static/chunks/88bef_%40react-three_fiber_dist_a53eb1a6._.js:2261:26)
    at loop (http://localhost:3000/_next/static/chunks/88bef_%40react-three_fiber_dist_a53eb1a6._.js:2287:23)
[  449124ms] ReferenceError: scrollState is not defined
    at Planet.useFrame [as current] (http://localhost:3000/_next/static/chunks/Desktop_portfolio-mission-control_src_9c666b12._.js?id=%255Bproject%255D%252FDesktop%252Fportfolio-mission-control%252Fsrc%252Fcomponents%252Fscene%252FPlanet.jsx+%255Bapp-client%255D+%2528ecmascript%2529:194:250)
    at update (http://localhost:3000/_next/static/chunks/88bef_%40react-three_fiber_dist_a53eb1a6._.js:2261:26)
    at loop (http://localhost:3000/_next/static/chunks/88bef_%40react-three_fiber_dist_a53eb1a6._.js:2287:23)
[  449134ms] ReferenceError: scrollState is not defined
    at Planet.useFrame [as current] (http://localhost:3000/_next/static/chunks/Desktop_portfolio-mission-control_src_9c666b12._.js?id=%255Bproject%255D%252FDesktop%252Fportfolio-mission-control%252Fsrc%252Fcomponents%252Fscene%252FPlanet.jsx+%255Bapp-client%255D+%2528ecmascript%2529:194:250)
    at update (http://localhost:3000/_next/static/chunks/88bef_%40react-three_fiber_dist_a53eb1a6._.js:2261:26)
    at loop (http://localhost:3000/_next/static/chunks/88bef_%40react-three_fiber_dist_a53eb1a6._.js:2287:23)
[  449148ms] ReferenceError: scrollState is not defined
    at Planet.useFrame [as current] (http://localhost:3000/_next/static/chunks/Desktop_portfolio-mission-control_src_9c666b12._.js?id=%255Bproject%255D%252FDesktop%252Fportfolio-mission-control%252Fsrc%252Fcomponents%252Fscene%252FPlanet.jsx+%255Bapp-client%255D+%2528ecmascript%2529:194:250)
    at update (http://localhost:3000/_next/static/chunks/88bef_%40react-three_fiber_dist_a53eb1a6._.js:2261:26)
    at loop (http://localhost:3000/_next/static/chunks/88bef_%40react-three_fiber_dist_a53eb1a6._.js:2287:23)
[  449162ms] ReferenceError: scrollState is not defined
    at Planet.useFrame [as current] (http://localhost:3000/_next/static/chunks/Desktop_portfolio-mission-control_src_9c666b12._.js?id=%255Bproject%255D%252FDesktop%252Fportfolio-mission-control%252Fsrc%252Fcomponents%252Fscene%252FPlanet.jsx+%255Bapp-client%255D+%2528ecmascript%2529:194:250)
    at update (http://localhost:3000/_next/static/chunks/88bef_%40react-three_fiber_dist_a53eb1a6._.js:2261:26)
    at loop (http://localhost:3000/_next/static/chunks/88bef_%40react-three_fiber_dist_a53eb1a6._.js:2287:23)
[  449175ms] ReferenceError: scrollState is not defined
    at Planet.useFrame [as current] (http://localhost:3000/_next/static/chunks/Desktop_portfolio-mission-control_src_9c666b12._.js?id=%255Bproject%255D%252FDesktop%252Fportfolio-mission-control%252Fsrc%252Fcomponents%252Fscene%252FPlanet.jsx+%255Bapp-client%255D+%2528ecmascript%2529:194:250)
    at update (http://localhost:3000/_next/static/chunks/88bef_%40react-three_fiber_dist_a53eb1a6._.js:2261:26)
    at loop (http://localhost:3000/_next/static/chunks/88bef_%40react-three_fiber_dist_a53eb1a6._.js:2287:23)
[  449189ms] ReferenceError: scrollState is not defined
    at Planet.useFrame [as current] (http://localhost:3000/_next/static/chunks/Desktop_portfolio-mission-control_src_9c666b12._.js?id=%255Bproject%255D%252FDesktop%252Fportfolio-mission-control%252Fsrc%252Fcomponents%252Fscene%252FPlanet.jsx+%255Bapp-client%255D+%2528ecmascript%2529:194:250)
    at update (http://localhost:3000/_next/static/chunks/88bef_%40react-three_fiber_dist_a53eb1a6._.js:2261:26)
    at loop (http://localhost:3000/_next/static/chunks/88bef_%40react-three_fiber_dist_a53eb1a6._.js:2287:23)
[  449202ms] ReferenceError: scrollState is not defined
    at Planet.useFrame [as current] (http://localhost:3000/_next/static/chunks/Desktop_portfolio-mission-control_src_9c666b12._.js?id=%255Bproject%255D%252FDesktop%252Fportfolio-mission-control%252Fsrc%252Fcomponents%252Fscene%252FPlanet.jsx+%255Bapp-client%255D+%2528ecmascript%2529:194:250)
    at update (http://localhost:3000/_next/static/chunks/88bef_%40react-three_fiber_dist_a53eb1a6._.js:2261:26)
    at loop (http://localhost:3000/_next/static/chunks/88bef_%40react-three_fiber_dist_a53eb1a6._.js:2287:23)
[  449215ms] ReferenceError: scrollState is not defined
    at Planet.useFrame [as current] (http://localhost:3000/_next/static/chunks/Desktop_portfolio-mission-control_src_9c666b12._.js?id=%255Bproject%255D%252FDesktop%252Fportfolio-mission-control%252Fsrc%252Fcomponents%252Fscene%252FPlanet.jsx+%255Bapp-client%255D+%2528ecmascript%2529:194:250)
    at update (http://localhost:3000/_next/static/chunks/88bef_%40react-three_fiber_dist_a53eb1a6._.js:2261:26)
    at loop (http://localhost:3000/_next/static/chunks/88bef_%40react-three_fiber_dist_a53eb1a6._.js:2287:23)
[  449229ms] ReferenceError: scrollState is not defined
    at Planet.useFrame [as current] (http://localhost:3000/_next/static/chunks/Desktop_portfolio-mission-control_src_9c666b12._.js?id=%255Bproject%255D%252FDesktop%252Fportfolio-mission-control%252Fsrc%252Fcomponents%252Fscene%252FPlanet.jsx+%255Bapp-client%255D+%2528ecmascript%2529:194:250)
    at update (http://localhost:3000/_next/static/chunks/88bef_%40react-three_fiber_dist_a53eb1a6._.js:2261:26)
    at loop (http://localhost:3000/_next/static/chunks/88bef_%40react-three_fiber_dist_a53eb1a6._.js:2287:23)
[  449244ms] ReferenceError: scrollState is not defined
    at Planet.useFrame [as current] (http://localhost:3000/_next/static/chunks/Desktop_portfolio-mission-control_src_9c666b12._.js?id=%255Bproject%255D%252FDesktop%252Fportfolio-mission-control%252Fsrc%252Fcomponents%252Fscene%252FPlanet.jsx+%255Bapp-client%255D+%2528ecmascript%2529:194:250)
    at update (http://localhost:3000/_next/static/chunks/88bef_%40react-three_fiber_dist_a53eb1a6._.js:2261:26)
    at loop (http://localhost:3000/_next/static/chunks/88bef_%40react-three_fiber_dist_a53eb1a6._.js:2287:23)
[  449256ms] ReferenceError: scrollState is not defined
    at Planet.useFrame [as current] (http://localhost:3000/_next/static/chunks/Desktop_portfolio-mission-control_src_9c666b12._.js?id=%255Bproject%255D%252FDesktop%252Fportfolio-mission-control%252Fsrc%252Fcomponents%252Fscene%252FPlanet.jsx+%255Bapp-client%255D+%2528ecmascript%2529:194:250)
    at update (http://localhost:3000/_next/static/chunks/88bef_%40react-three_fiber_dist_a53eb1a6._.js:2261:26)
    at loop (http://localhost:3000/_next/static/chunks/88bef_%40react-three_fiber_dist_a53eb1a6._.js:2287:23)
[  449268ms] ReferenceError: scrollState is not defined
    at Planet.useFrame [as current] (http://localhost:3000/_next/static/chunks/Desktop_portfolio-mission-control_src_9c666b12._.js?id=%255Bproject%255D%252FDesktop%252Fportfolio-mission-control%252Fsrc%252Fcomponents%252Fscene%252FPlanet.jsx+%255Bapp-client%255D+%2528ecmascript%2529:194:250)
    at update (http://localhost:3000/_next/static/chunks/88bef_%40react-three_fiber_dist_a53eb1a6._.js:2261:26)
    at loop (http://localhost:3000/_next/static/chunks/88bef_%40react-three_fiber_dist_a53eb1a6._.js:2287:23)
[  449282ms] ReferenceError: scrollState is not defined
    at Planet.useFrame [as current] (http://localhost:3000/_next/static/chunks/Desktop_portfolio-mission-control_src_9c666b12._.js?id=%255Bproject%255D%252FDesktop%252Fportfolio-mission-control%252Fsrc%252Fcomponents%252Fscene%252FPlanet.jsx+%255Bapp-client%255D+%2528ecmascript%2529:194:250)
    at update (http://localhost:3000/_next/static/chunks/88bef_%40react-three_fiber_dist_a53eb1a6._.js:2261:26)
    at loop (http://localhost:3000/_next/static/chunks/88bef_%40react-three_fiber_dist_a53eb1a6._.js:2287:23)
[  449296ms] ReferenceError: scrollState is not defined
    at Planet.useFrame [as current] (http://localhost:3000/_next/static/chunks/Desktop_portfolio-mission-control_src_9c666b12._.js?id=%255Bproject%255D%252FDesktop%252Fportfolio-mission-control%252Fsrc%252Fcomponents%252Fscene%252FPlanet.jsx+%255Bapp-client%255D+%2528ecmascript%2529:194:250)
    at update (http://localhost:3000/_next/static/chunks/88bef_%40react-three_fiber_dist_a53eb1a6._.js:2261:26)
    at loop (http://localhost:3000/_next/static/chunks/88bef_%40react-three_fiber_dist_a53eb1a6._.js:2287:23)
[  449308ms] ReferenceError: scrollState is not defined
    at Planet.useFrame [as current] (http://localhost:3000/_next/static/chunks/Desktop_portfolio-mission-control_src_9c666b12._.js?id=%255Bproject%255D%252FDesktop%252Fportfolio-mission-control%252Fsrc%252Fcomponents%252Fscene%252FPlanet.jsx+%255Bapp-client%255D+%2528ecmascript%2529:194:250)
    at update (http://localhost:3000/_next/static/chunks/88bef_%40react-three_fiber_dist_a53eb1a6._.js:2261:26)
    at loop (http://localhost:3000/_next/static/chunks/88bef_%40react-three_fiber_dist_a53eb1a6._.js:2287:23)
[  449323ms] ReferenceError: scrollState is not defined
    at Planet.useFrame [as current] (http://localhost:3000/_next/static/chunks/Desktop_portfolio-mission-control_src_9c666b12._.js?id=%255Bproject%255D%252FDesktop%252Fportfolio-mission-control%252Fsrc%252Fcomponents%252Fscene%252FPlanet.jsx+%255Bapp-client%255D+%2528ecmascript%2529:194:250)
    at update (http://localhost:3000/_next/static/chunks/88bef_%40react-three_fiber_dist_a53eb1a6._.js:2261:26)
    at loop (http://localhost:3000/_next/static/chunks/88bef_%40react-three_fiber_dist_a53eb1a6._.js:2287:23)
[  449337ms] ReferenceError: scrollState is not defined
    at Planet.useFrame [as current] (http://localhost:3000/_next/static/chunks/Desktop_portfolio-mission-control_src_9c666b12._.js?id=%255Bproject%255D%252FDesktop%252Fportfolio-mission-control%252Fsrc%252Fcomponents%252Fscene%252FPlanet.jsx+%255Bapp-client%255D+%2528ecmascript%2529:194:250)
    at update (http://localhost:3000/_next/static/chunks/88bef_%40react-three_fiber_dist_a53eb1a6._.js:2261:26)
    at loop (http://localhost:3000/_next/static/chunks/88bef_%40react-three_fiber_dist_a53eb1a6._.js:2287:23)
[  449349ms] ReferenceError: scrollState is not defined
    at Planet.useFrame [as current] (http://localhost:3000/_next/static/chunks/Desktop_portfolio-mission-control_src_9c666b12._.js?id=%255Bproject%255D%252FDesktop%252Fportfolio-mission-control%252Fsrc%252Fcomponents%252Fscene%252FPlanet.jsx+%255Bapp-client%255D+%2528ecmascript%2529:194:250)
    at update (http://localhost:3000/_next/static/chunks/88bef_%40react-three_fiber_dist_a53eb1a6._.js:2261:26)
    at loop (http://localhost:3000/_next/static/chunks/88bef_%40react-three_fiber_dist_a53eb1a6._.js:2287:23)
[  449364ms] ReferenceError: scrollState is not defined
    at Planet.useFrame [as current] (http://localhost:3000/_next/static/chunks/Desktop_portfolio-mission-control_src_9c666b12._.js?id=%255Bproject%255D%252FDesktop%252Fportfolio-mission-control%252Fsrc%252Fcomponents%252Fscene%252FPlanet.jsx+%255Bapp-client%255D+%2528ecmascript%2529:194:250)
    at update (http://localhost:3000/_next/static/chunks/88bef_%40react-three_fiber_dist_a53eb1a6._.js:2261:26)
    at loop (http://localhost:3000/_next/static/chunks/88bef_%40react-three_fiber_dist_a53eb1a6._.js:2287:23)
[  449377ms] ReferenceError: scrollState is not defined
    at Planet.useFrame [as current] (http://localhost:3000/_next/static/chunks/Desktop_portfolio-mission-control_src_9c666b12._.js?id=%255Bproject%255D%252FDesktop%252Fportfolio-mission-control%252Fsrc%252Fcomponents%252Fscene%252FPlanet.jsx+%255Bapp-client%255D+%2528ecmascript%2529:194:250)
    at update (http://localhost:3000/_next/static/chunks/88bef_%40react-three_fiber_dist_a53eb1a6._.js:2261:26)
    at loop (http://localhost:3000/_next/static/chunks/88bef_%40react-three_fiber_dist_a53eb1a6._.js:2287:23)
[  449391ms] ReferenceError: scrollState is not defined
    at Planet.useFrame [as current] (http://localhost:3000/_next/static/chunks/Desktop_portfolio-mission-control_src_9c666b12._.js?id=%255Bproject%255D%252FDesktop%252Fportfolio-mission-control%252Fsrc%252Fcomponents%252Fscene%252FPlanet.jsx+%255Bapp-client%255D+%2528ecmascript%2529:194:250)
    at update (http://localhost:3000/_next/static/chunks/88bef_%40react-three_fiber_dist_a53eb1a6._.js:2261:26)
    at loop (http://localhost:3000/_next/static/chunks/88bef_%40react-three_fiber_dist_a53eb1a6._.js:2287:23)
[  449406ms] ReferenceError: scrollState is not defined
    at Planet.useFrame [as current] (http://localhost:3000/_next/static/chunks/Desktop_portfolio-mission-control_src_9c666b12._.js?id=%255Bproject%255D%252FDesktop%252Fportfolio-mission-control%252Fsrc%252Fcomponents%252Fscene%252FPlanet.jsx+%255Bapp-client%255D+%2528ecmascript%2529:194:250)
    at update (http://localhost:3000/_next/static/chunks/88bef_%40react-three_fiber_dist_a53eb1a6._.js:2261:26)
    at loop (http://localhost:3000/_next/static/chunks/88bef_%40react-three_fiber_dist_a53eb1a6._.js:2287:23)
[  449415ms] ReferenceError: scrollState is not defined
    at Planet.useFrame [as current] (http://localhost:3000/_next/static/chunks/Desktop_portfolio-mission-control_src_9c666b12._.js?id=%255Bproject%255D%252FDesktop%252Fportfolio-mission-control%252Fsrc%252Fcomponents%252Fscene%252FPlanet.jsx+%255Bapp-client%255D+%2528ecmascript%2529:194:250)
    at update (http://localhost:3000/_next/static/chunks/88bef_%40react-three_fiber_dist_a53eb1a6._.js:2261:26)
    at loop (http://localhost:3000/_next/static/chunks/88bef_%40react-three_fiber_dist_a53eb1a6._.js:2287:23)
[  449428ms] ReferenceError: scrollState is not defined
    at Planet.useFrame [as current] (http://localhost:3000/_next/static/chunks/Desktop_portfolio-mission-control_src_9c666b12._.js?id=%255Bproject%255D%252FDesktop%252Fportfolio-mission-control%252Fsrc%252Fcomponents%252Fscene%252FPlanet.jsx+%255Bapp-client%255D+%2528ecmascript%2529:194:250)
    at update (http://localhost:3000/_next/static/chunks/88bef_%40react-three_fiber_dist_a53eb1a6._.js:2261:26)
    at loop (http://localhost:3000/_next/static/chunks/88bef_%40react-three_fiber_dist_a53eb1a6._.js:2287:23)
[  449443ms] ReferenceError: scrollState is not defined
    at Planet.useFrame [as current] (http://localhost:3000/_next/static/chunks/Desktop_portfolio-mission-control_src_9c666b12._.js?id=%255Bproject%255D%252FDesktop%252Fportfolio-mission-control%252Fsrc%252Fcomponents%252Fscene%252FPlanet.jsx+%255Bapp-client%255D+%2528ecmascript%2529:194:250)
    at update (http://localhost:3000/_next/static/chunks/88bef_%40react-three_fiber_dist_a53eb1a6._.js:2261:26)
    at loop (http://localhost:3000/_next/static/chunks/88bef_%40react-three_fiber_dist_a53eb1a6._.js:2287:23)
[  449456ms] ReferenceError: scrollState is not defined
    at Planet.useFrame [as current] (http://localhost:3000/_next/static/chunks/Desktop_portfolio-mission-control_src_9c666b12._.js?id=%255Bproject%255D%252FDesktop%252Fportfolio-mission-control%252Fsrc%252Fcomponents%252Fscene%252FPlanet.jsx+%255Bapp-client%255D+%2528ecmascript%2529:194:250)
    at update (http://localhost:3000/_next/static/chunks/88bef_%40react-three_fiber_dist_a53eb1a6._.js:2261:26)
    at loop (http://localhost:3000/_next/static/chunks/88bef_%40react-three_fiber_dist_a53eb1a6._.js:2287:23)
[  449469ms] ReferenceError: scrollState is not defined
    at Planet.useFrame [as current] (http://localhost:3000/_next/static/chunks/Desktop_portfolio-mission-control_src_9c666b12._.js?id=%255Bproject%255D%252FDesktop%252Fportfolio-mission-control%252Fsrc%252Fcomponents%252Fscene%252FPlanet.jsx+%255Bapp-client%255D+%2528ecmascript%2529:194:250)
    at update (http://localhost:3000/_next/static/chunks/88bef_%40react-three_fiber_dist_a53eb1a6._.js:2261:26)
    at loop (http://localhost:3000/_next/static/chunks/88bef_%40react-three_fiber_dist_a53eb1a6._.js:2287:23)
[  449484ms] ReferenceError: scrollState is not defined
    at Planet.useFrame [as current] (http://localhost:3000/_next/static/chunks/Desktop_portfolio-mission-control_src_9c666b12._.js?id=%255Bproject%255D%252FDesktop%252Fportfolio-mission-control%252Fsrc%252Fcomponents%252Fscene%252FPlanet.jsx+%255Bapp-client%255D+%2528ecmascript%2529:194:250)
    at update (http://localhost:3000/_next/static/chunks/88bef_%40react-three_fiber_dist_a53eb1a6._.js:2261:26)
    at loop (http://localhost:3000/_next/static/chunks/88bef_%40react-three_fiber_dist_a53eb1a6._.js:2287:23)
[  449496ms] ReferenceError: scrollState is not defined
    at Planet.useFrame [as current] (http://localhost:3000/_next/static/chunks/Desktop_portfolio-mission-control_src_9c666b12._.js?id=%255Bproject%255D%252FDesktop%252Fportfolio-mission-control%252Fsrc%252Fcomponents%252Fscene%252FPlanet.jsx+%255Bapp-client%255D+%2528ecmascript%2529:194:250)
    at update (http://localhost:3000/_next/static/chunks/88bef_%40react-three_fiber_dist_a53eb1a6._.js:2261:26)
    at loop (http://localhost:3000/_next/static/chunks/88bef_%40react-three_fiber_dist_a53eb1a6._.js:2287:23)
[  449511ms] ReferenceError: scrollState is not defined
    at Planet.useFrame [as current] (http://localhost:3000/_next/static/chunks/Desktop_portfolio-mission-control_src_9c666b12._.js?id=%255Bproject%255D%252FDesktop%252Fportfolio-mission-control%252Fsrc%252Fcomponents%252Fscene%252FPlanet.jsx+%255Bapp-client%255D+%2528ecmascript%2529:194:250)
    at update (http://localhost:3000/_next/static/chunks/88bef_%40react-three_fiber_dist_a53eb1a6._.js:2261:26)
    at loop (http://localhost:3000/_next/static/chunks/88bef_%40react-three_fiber_dist_a53eb1a6._.js:2287:23)
[  449521ms] ReferenceError: scrollState is not defined
    at Planet.useFrame [as current] (http://localhost:3000/_next/static/chunks/Desktop_portfolio-mission-control_src_9c666b12._.js?id=%255Bproject%255D%252FDesktop%252Fportfolio-mission-control%252Fsrc%252Fcomponents%252Fscene%252FPlanet.jsx+%255Bapp-client%255D+%2528ecmascript%2529:194:250)
    at update (http://localhost:3000/_next/static/chunks/88bef_%40react-three_fiber_dist_a53eb1a6._.js:2261:26)
    at loop (http://localhost:3000/_next/static/chunks/88bef_%40react-three_fiber_dist_a53eb1a6._.js:2287:23)
[  449535ms] ReferenceError: scrollState is not defined
    at Planet.useFrame [as current] (http://localhost:3000/_next/static/chunks/Desktop_portfolio-mission-control_src_9c666b12._.js?id=%255Bproject%255D%252FDesktop%252Fportfolio-mission-control%252Fsrc%252Fcomponents%252Fscene%252FPlanet.jsx+%255Bapp-client%255D+%2528ecmascript%2529:194:250)
    at update (http://localhost:3000/_next/static/chunks/88bef_%40react-three_fiber_dist_a53eb1a6._.js:2261:26)
    at loop (http://localhost:3000/_next/static/chunks/88bef_%40react-three_fiber_dist_a53eb1a6._.js:2287:23)
[  449550ms] ReferenceError: scrollState is not defined
    at Planet.useFrame [as current] (http://localhost:3000/_next/static/chunks/Desktop_portfolio-mission-control_src_9c666b12._.js?id=%255Bproject%255D%252FDesktop%252Fportfolio-mission-control%252Fsrc%252Fcomponents%252Fscene%252FPlanet.jsx+%255Bapp-client%255D+%2528ecmascript%2529:194:250)
    at update (http://localhost:3000/_next/static/chunks/88bef_%40react-three_fiber_dist_a53eb1a6._.js:2261:26)
    at loop (http://localhost:3000/_next/static/chunks/88bef_%40react-three_fiber_dist_a53eb1a6._.js:2287:23)
[  449563ms] ReferenceError: scrollState is not defined
    at Planet.useFrame [as current] (http://localhost:3000/_next/static/chunks/Desktop_portfolio-mission-control_src_9c666b12._.js?id=%255Bproject%255D%252FDesktop%252Fportfolio-mission-control%252Fsrc%252Fcomponents%252Fscene%252FPlanet.jsx+%255Bapp-client%255D+%2528ecmascript%2529:194:250)
    at update (http://localhost:3000/_next/static/chunks/88bef_%40react-three_fiber_dist_a53eb1a6._.js:2261:26)
    at loop (http://localhost:3000/_next/static/chunks/88bef_%40react-three_fiber_dist_a53eb1a6._.js:2287:23)
[  449577ms] ReferenceError: scrollState is not defined
    at Planet.useFrame [as current] (http://localhost:3000/_next/static/chunks/Desktop_portfolio-mission-control_src_9c666b12._.js?id=%255Bproject%255D%252FDesktop%252Fportfolio-mission-control%252Fsrc%252Fcomponents%252Fscene%252FPlanet.jsx+%255Bapp-client%255D+%2528ecmascript%2529:194:250)
    at update (http://localhost:3000/_next/static/chunks/88bef_%40react-three_fiber_dist_a53eb1a6._.js:2261:26)
    at loop (http://localhost:3000/_next/static/chunks/88bef_%40react-three_fiber_dist_a53eb1a6._.js:2287:23)
[  449590ms] ReferenceError: scrollState is not defined
    at Planet.useFrame [as current] (http://localhost:3000/_next/static/chunks/Desktop_portfolio-mission-control_src_9c666b12._.js?id=%255Bproject%255D%252FDesktop%252Fportfolio-mission-control%252Fsrc%252Fcomponents%252Fscene%252FPlanet.jsx+%255Bapp-client%255D+%2528ecmascript%2529:194:250)
    at update (http://localhost:3000/_next/static/chunks/88bef_%40react-three_fiber_dist_a53eb1a6._.js:2261:26)
    at loop (http://localhost:3000/_next/static/chunks/88bef_%40react-three_fiber_dist_a53eb1a6._.js:2287:23)
[  449603ms] ReferenceError: scrollState is not defined
    at Planet.useFrame [as current] (http://localhost:3000/_next/static/chunks/Desktop_portfolio-mission-control_src_9c666b12._.js?id=%255Bproject%255D%252FDesktop%252Fportfolio-mission-control%252Fsrc%252Fcomponents%252Fscene%252FPlanet.jsx+%255Bapp-client%255D+%2528ecmascript%2529:194:250)
    at update (http://localhost:3000/_next/static/chunks/88bef_%40react-three_fiber_dist_a53eb1a6._.js:2261:26)
    at loop (http://localhost:3000/_next/static/chunks/88bef_%40react-three_fiber_dist_a53eb1a6._.js:2287:23)
[  449618ms] ReferenceError: scrollState is not defined
    at Planet.useFrame [as current] (http://localhost:3000/_next/static/chunks/Desktop_portfolio-mission-control_src_9c666b12._.js?id=%255Bproject%255D%252FDesktop%252Fportfolio-mission-control%252Fsrc%252Fcomponents%252Fscene%252FPlanet.jsx+%255Bapp-client%255D+%2528ecmascript%2529:194:250)
    at update (http://localhost:3000/_next/static/chunks/88bef_%40react-three_fiber_dist_a53eb1a6._.js:2261:26)
    at loop (http://localhost:3000/_next/static/chunks/88bef_%40react-three_fiber_dist_a53eb1a6._.js:2287:23)
[  449630ms] ReferenceError: scrollState is not defined
    at Planet.useFrame [as current] (http://localhost:3000/_next/static/chunks/Desktop_portfolio-mission-control_src_9c666b12._.js?id=%255Bproject%255D%252FDesktop%252Fportfolio-mission-control%252Fsrc%252Fcomponents%252Fscene%252FPlanet.jsx+%255Bapp-client%255D+%2528ecmascript%2529:194:250)
    at update (http://localhost:3000/_next/static/chunks/88bef_%40react-three_fiber_dist_a53eb1a6._.js:2261:26)
    at loop (http://localhost:3000/_next/static/chunks/88bef_%40react-three_fiber_dist_a53eb1a6._.js:2287:23)
[  449642ms] ReferenceError: scrollState is not defined
    at Planet.useFrame [as current] (http://localhost:3000/_next/static/chunks/Desktop_portfolio-mission-control_src_9c666b12._.js?id=%255Bproject%255D%252FDesktop%252Fportfolio-mission-control%252Fsrc%252Fcomponents%252Fscene%252FPlanet.jsx+%255Bapp-client%255D+%2528ecmascript%2529:194:250)
    at update (http://localhost:3000/_next/static/chunks/88bef_%40react-three_fiber_dist_a53eb1a6._.js:2261:26)
    at loop (http://localhost:3000/_next/static/chunks/88bef_%40react-three_fiber_dist_a53eb1a6._.js:2287:23)
[  449657ms] ReferenceError: scrollState is not defined
    at Planet.useFrame [as current] (http://localhost:3000/_next/static/chunks/Desktop_portfolio-mission-control_src_9c666b12._.js?id=%255Bproject%255D%252FDesktop%252Fportfolio-mission-control%252Fsrc%252Fcomponents%252Fscene%252FPlanet.jsx+%255Bapp-client%255D+%2528ecmascript%2529:194:250)
    at update (http://localhost:3000/_next/static/chunks/88bef_%40react-three_fiber_dist_a53eb1a6._.js:2261:26)
    at loop (http://localhost:3000/_next/static/chunks/88bef_%40react-three_fiber_dist_a53eb1a6._.js:2287:23)
[  449670ms] ReferenceError: scrollState is not defined
    at Planet.useFrame [as current] (http://localhost:3000/_next/static/chunks/Desktop_portfolio-mission-control_src_9c666b12._.js?id=%255Bproject%255D%252FDesktop%252Fportfolio-mission-control%252Fsrc%252Fcomponents%252Fscene%252FPlanet.jsx+%255Bapp-client%255D+%2528ecmascript%2529:194:250)
    at update (http://localhost:3000/_next/static/chunks/88bef_%40react-three_fiber_dist_a53eb1a6._.js:2261:26)
    at loop (http://localhost:3000/_next/static/chunks/88bef_%40react-three_fiber_dist_a53eb1a6._.js:2287:23)
[  449685ms] ReferenceError: scrollState is not defined
    at Planet.useFrame [as current] (http://localhost:3000/_next/static/chunks/Desktop_portfolio-mission-control_src_9c666b12._.js?id=%255Bproject%255D%252FDesktop%252Fportfolio-mission-control%252Fsrc%252Fcomponents%252Fscene%252FPlanet.jsx+%255Bapp-client%255D+%2528ecmascript%2529:194:250)
    at update (http://localhost:3000/_next/static/chunks/88bef_%40react-three_fiber_dist_a53eb1a6._.js:2261:26)
    at loop (http://localhost:3000/_next/static/chunks/88bef_%40react-three_fiber_dist_a53eb1a6._.js:2287:23)
[  449700ms] ReferenceError: scrollState is not defined
    at Planet.useFrame [as current] (http://localhost:3000/_next/static/chunks/Desktop_portfolio-mission-control_src_9c666b12._.js?id=%255Bproject%255D%252FDesktop%252Fportfolio-mission-control%252Fsrc%252Fcomponents%252Fscene%252FPlanet.jsx+%255Bapp-client%255D+%2528ecmascript%2529:194:250)
    at update (http://localhost:3000/_next/static/chunks/88bef_%40react-three_fiber_dist_a53eb1a6._.js:2261:26)
    at loop (http://localhost:3000/_next/static/chunks/88bef_%40react-three_fiber_dist_a53eb1a6._.js:2287:23)
[  449708ms] ReferenceError: scrollState is not defined
    at Planet.useFrame [as current] (http://localhost:3000/_next/static/chunks/Desktop_portfolio-mission-control_src_9c666b12._.js?id=%255Bproject%255D%252FDesktop%252Fportfolio-mission-control%252Fsrc%252Fcomponents%252Fscene%252FPlanet.jsx+%255Bapp-client%255D+%2528ecmascript%2529:194:250)
    at update (http://localhost:3000/_next/static/chunks/88bef_%40react-three_fiber_dist_a53eb1a6._.js:2261:26)
    at loop (http://localhost:3000/_next/static/chunks/88bef_%40react-three_fiber_dist_a53eb1a6._.js:2287:23)
[  449721ms] ReferenceError: scrollState is not defined
    at Planet.useFrame [as current] (http://localhost:3000/_next/static/chunks/Desktop_portfolio-mission-control_src_9c666b12._.js?id=%255Bproject%255D%252FDesktop%252Fportfolio-mission-control%252Fsrc%252Fcomponents%252Fscene%252FPlanet.jsx+%255Bapp-client%255D+%2528ecmascript%2529:194:250)
    at update (http://localhost:3000/_next/static/chunks/88bef_%40react-three_fiber_dist_a53eb1a6._.js:2261:26)
    at loop (http://localhost:3000/_next/static/chunks/88bef_%40react-three_fiber_dist_a53eb1a6._.js:2287:23)
[  449736ms] ReferenceError: scrollState is not defined
    at Planet.useFrame [as current] (http://localhost:3000/_next/static/chunks/Desktop_portfolio-mission-control_src_9c666b12._.js?id=%255Bproject%255D%252FDesktop%252Fportfolio-mission-control%252Fsrc%252Fcomponents%252Fscene%252FPlanet.jsx+%255Bapp-client%255D+%2528ecmascript%2529:194:250)
    at update (http://localhost:3000/_next/static/chunks/88bef_%40react-three_fiber_dist_a53eb1a6._.js:2261:26)
    at loop (http://localhost:3000/_next/static/chunks/88bef_%40react-three_fiber_dist_a53eb1a6._.js:2287:23)
[  449750ms] ReferenceError: scrollState is not defined
    at Planet.useFrame [as current] (http://localhost:3000/_next/static/chunks/Desktop_portfolio-mission-control_src_9c666b12._.js?id=%255Bproject%255D%252FDesktop%252Fportfolio-mission-control%252Fsrc%252Fcomponents%252Fscene%252FPlanet.jsx+%255Bapp-client%255D+%2528ecmascript%2529:194:250)
    at update (http://localhost:3000/_next/static/chunks/88bef_%40react-three_fiber_dist_a53eb1a6._.js:2261:26)
    at loop (http://localhost:3000/_next/static/chunks/88bef_%40react-three_fiber_dist_a53eb1a6._.js:2287:23)
[  449764ms] ReferenceError: scrollState is not defined
    at Planet.useFrame [as current] (http://localhost:3000/_next/static/chunks/Desktop_portfolio-mission-control_src_9c666b12._.js?id=%255Bproject%255D%252FDesktop%252Fportfolio-mission-control%252Fsrc%252Fcomponents%252Fscene%252FPlanet.jsx+%255Bapp-client%255D+%2528ecmascript%2529:194:250)
    at update (http://localhost:3000/_next/static/chunks/88bef_%40react-three_fiber_dist_a53eb1a6._.js:2261:26)
    at loop (http://localhost:3000/_next/static/chunks/88bef_%40react-three_fiber_dist_a53eb1a6._.js:2287:23)
[  449775ms] ReferenceError: scrollState is not defined
    at Planet.useFrame [as current] (http://localhost:3000/_next/static/chunks/Desktop_portfolio-mission-control_src_9c666b12._.js?id=%255Bproject%255D%252FDesktop%252Fportfolio-mission-control%252Fsrc%252Fcomponents%252Fscene%252FPlanet.jsx+%255Bapp-client%255D+%2528ecmascript%2529:194:250)
    at update (http://localhost:3000/_next/static/chunks/88bef_%40react-three_fiber_dist_a53eb1a6._.js:2261:26)
    at loop (http://localhost:3000/_next/static/chunks/88bef_%40react-three_fiber_dist_a53eb1a6._.js:2287:23)
[  449788ms] ReferenceError: scrollState is not defined
    at Planet.useFrame [as current] (http://localhost:3000/_next/static/chunks/Desktop_portfolio-mission-control_src_9c666b12._.js?id=%255Bproject%255D%252FDesktop%252Fportfolio-mission-control%252Fsrc%252Fcomponents%252Fscene%252FPlanet.jsx+%255Bapp-client%255D+%2528ecmascript%2529:194:250)
    at update (http://localhost:3000/_next/static/chunks/88bef_%40react-three_fiber_dist_a53eb1a6._.js:2261:26)
    at loop (http://localhost:3000/_next/static/chunks/88bef_%40react-three_fiber_dist_a53eb1a6._.js:2287:23)
[  449802ms] ReferenceError: scrollState is not defined
    at Planet.useFrame [as current] (http://localhost:3000/_next/static/chunks/Desktop_portfolio-mission-control_src_9c666b12._.js?id=%255Bproject%255D%252FDesktop%252Fportfolio-mission-control%252Fsrc%252Fcomponents%252Fscene%252FPlanet.jsx+%255Bapp-client%255D+%2528ecmascript%2529:194:250)
    at update (http://localhost:3000/_next/static/chunks/88bef_%40react-three_fiber_dist_a53eb1a6._.js:2261:26)
    at loop (http://localhost:3000/_next/static/chunks/88bef_%40react-three_fiber_dist_a53eb1a6._.js:2287:23)
[  449814ms] ReferenceError: scrollState is not defined
    at Planet.useFrame [as current] (http://localhost:3000/_next/static/chunks/Desktop_portfolio-mission-control_src_9c666b12._.js?id=%255Bproject%255D%252FDesktop%252Fportfolio-mission-control%252Fsrc%252Fcomponents%252Fscene%252FPlanet.jsx+%255Bapp-client%255D+%2528ecmascript%2529:194:250)
    at update (http://localhost:3000/_next/static/chunks/88bef_%40react-three_fiber_dist_a53eb1a6._.js:2261:26)
    at loop (http://localhost:3000/_next/static/chunks/88bef_%40react-three_fiber_dist_a53eb1a6._.js:2287:23)
[  449828ms] ReferenceError: scrollState is not defined
    at Planet.useFrame [as current] (http://localhost:3000/_next/static/chunks/Desktop_portfolio-mission-control_src_9c666b12._.js?id=%255Bproject%255D%252FDesktop%252Fportfolio-mission-control%252Fsrc%252Fcomponents%252Fscene%252FPlanet.jsx+%255Bapp-client%255D+%2528ecmascript%2529:194:250)
    at update (http://localhost:3000/_next/static/chunks/88bef_%40react-three_fiber_dist_a53eb1a6._.js:2261:26)
    at loop (http://localhost:3000/_next/static/chunks/88bef_%40react-three_fiber_dist_a53eb1a6._.js:2287:23)
[  449841ms] ReferenceError: scrollState is not defined
    at Planet.useFrame [as current] (http://localhost:3000/_next/static/chunks/Desktop_portfolio-mission-control_src_9c666b12._.js?id=%255Bproject%255D%252FDesktop%252Fportfolio-mission-control%252Fsrc%252Fcomponents%252Fscene%252FPlanet.jsx+%255Bapp-client%255D+%2528ecmascript%2529:194:250)
    at update (http://localhost:3000/_next/static/chunks/88bef_%40react-three_fiber_dist_a53eb1a6._.js:2261:26)
    at loop (http://localhost:3000/_next/static/chunks/88bef_%40react-three_fiber_dist_a53eb1a6._.js:2287:23)
[  449855ms] ReferenceError: scrollState is not defined
    at Planet.useFrame [as current] (http://localhost:3000/_next/static/chunks/Desktop_portfolio-mission-control_src_9c666b12._.js?id=%255Bproject%255D%252FDesktop%252Fportfolio-mission-control%252Fsrc%252Fcomponents%252Fscene%252FPlanet.jsx+%255Bapp-client%255D+%2528ecmascript%2529:194:250)
    at update (http://localhost:3000/_next/static/chunks/88bef_%40react-three_fiber_dist_a53eb1a6._.js:2261:26)
    at loop (http://localhost:3000/_next/static/chunks/88bef_%40react-three_fiber_dist_a53eb1a6._.js:2287:23)
[  449869ms] ReferenceError: scrollState is not defined
    at Planet.useFrame [as current] (http://localhost:3000/_next/static/chunks/Desktop_portfolio-mission-control_src_9c666b12._.js?id=%255Bproject%255D%252FDesktop%252Fportfolio-mission-control%252Fsrc%252Fcomponents%252Fscene%252FPlanet.jsx+%255Bapp-client%255D+%2528ecmascript%2529:194:250)
    at update (http://localhost:3000/_next/static/chunks/88bef_%40react-three_fiber_dist_a53eb1a6._.js:2261:26)
    at loop (http://localhost:3000/_next/static/chunks/88bef_%40react-three_fiber_dist_a53eb1a6._.js:2287:23)
[  449884ms] ReferenceError: scrollState is not defined
    at Planet.useFrame [as current] (http://localhost:3000/_next/static/chunks/Desktop_portfolio-mission-control_src_9c666b12._.js?id=%255Bproject%255D%252FDesktop%252Fportfolio-mission-control%252Fsrc%252Fcomponents%252Fscene%252FPlanet.jsx+%255Bapp-client%255D+%2528ecmascript%2529:194:250)
    at update (http://localhost:3000/_next/static/chunks/88bef_%40react-three_fiber_dist_a53eb1a6._.js:2261:26)
    at loop (http://localhost:3000/_next/static/chunks/88bef_%40react-three_fiber_dist_a53eb1a6._.js:2287:23)
[  449894ms] ReferenceError: scrollState is not defined
    at Planet.useFrame [as current] (http://localhost:3000/_next/static/chunks/Desktop_portfolio-mission-control_src_9c666b12._.js?id=%255Bproject%255D%252FDesktop%252Fportfolio-mission-control%252Fsrc%252Fcomponents%252Fscene%252FPlanet.jsx+%255Bapp-client%255D+%2528ecmascript%2529:194:250)
    at update (http://localhost:3000/_next/static/chunks/88bef_%40react-three_fiber_dist_a53eb1a6._.js:2261:26)
    at loop (http://localhost:3000/_next/static/chunks/88bef_%40react-three_fiber_dist_a53eb1a6._.js:2287:23)
[  449913ms] ReferenceError: scrollState is not defined
    at Planet.useFrame [as current] (http://localhost:3000/_next/static/chunks/Desktop_portfolio-mission-control_src_9c666b12._.js?id=%255Bproject%255D%252FDesktop%252Fportfolio-mission-control%252Fsrc%252Fcomponents%252Fscene%252FPlanet.jsx+%255Bapp-client%255D+%2528ecmascript%2529:194:250)
    at update (http://localhost:3000/_next/static/chunks/88bef_%40react-three_fiber_dist_a53eb1a6._.js:2261:26)
    at loop (http://localhost:3000/_next/static/chunks/88bef_%40react-three_fiber_dist_a53eb1a6._.js:2287:23)
[  449921ms] ReferenceError: scrollState is not defined
    at Planet.useFrame [as current] (http://localhost:3000/_next/static/chunks/Desktop_portfolio-mission-control_src_9c666b12._.js?id=%255Bproject%255D%252FDesktop%252Fportfolio-mission-control%252Fsrc%252Fcomponents%252Fscene%252FPlanet.jsx+%255Bapp-client%255D+%2528ecmascript%2529:194:250)
    at update (http://localhost:3000/_next/static/chunks/88bef_%40react-three_fiber_dist_a53eb1a6._.js:2261:26)
    at loop (http://localhost:3000/_next/static/chunks/88bef_%40react-three_fiber_dist_a53eb1a6._.js:2287:23)
[  449934ms] ReferenceError: scrollState is not defined
    at Planet.useFrame [as current] (http://localhost:3000/_next/static/chunks/Desktop_portfolio-mission-control_src_9c666b12._.js?id=%255Bproject%255D%252FDesktop%252Fportfolio-mission-control%252Fsrc%252Fcomponents%252Fscene%252FPlanet.jsx+%255Bapp-client%255D+%2528ecmascript%2529:194:250)
    at update (http://localhost:3000/_next/static/chunks/88bef_%40react-three_fiber_dist_a53eb1a6._.js:2261:26)
    at loop (http://localhost:3000/_next/static/chunks/88bef_%40react-three_fiber_dist_a53eb1a6._.js:2287:23)
[  449948ms] ReferenceError: scrollState is not defined
    at Planet.useFrame [as current] (http://localhost:3000/_next/static/chunks/Desktop_portfolio-mission-control_src_9c666b12._.js?id=%255Bproject%255D%252FDesktop%252Fportfolio-mission-control%252Fsrc%252Fcomponents%252Fscene%252FPlanet.jsx+%255Bapp-client%255D+%2528ecmascript%2529:194:250)
    at update (http://localhost:3000/_next/static/chunks/88bef_%40react-three_fiber_dist_a53eb1a6._.js:2261:26)
    at loop (http://localhost:3000/_next/static/chunks/88bef_%40react-three_fiber_dist_a53eb1a6._.js:2287:23)
[  449962ms] ReferenceError: scrollState is not defined
    at Planet.useFrame [as current] (http://localhost:3000/_next/static/chunks/Desktop_portfolio-mission-control_src_9c666b12._.js?id=%255Bproject%255D%252FDesktop%252Fportfolio-mission-control%252Fsrc%252Fcomponents%252Fscene%252FPlanet.jsx+%255Bapp-client%255D+%2528ecmascript%2529:194:250)
    at update (http://localhost:3000/_next/static/chunks/88bef_%40react-three_fiber_dist_a53eb1a6._.js:2261:26)
    at loop (http://localhost:3000/_next/static/chunks/88bef_%40react-three_fiber_dist_a53eb1a6._.js:2287:23)
[  449976ms] ReferenceError: scrollState is not defined
    at Planet.useFrame [as current] (http://localhost:3000/_next/static/chunks/Desktop_portfolio-mission-control_src_9c666b12._.js?id=%255Bproject%255D%252FDesktop%252Fportfolio-mission-control%252Fsrc%252Fcomponents%252Fscene%252FPlanet.jsx+%255Bapp-client%255D+%2528ecmascript%2529:194:250)
    at update (http://localhost:3000/_next/static/chunks/88bef_%40react-three_fiber_dist_a53eb1a6._.js:2261:26)
    at loop (http://localhost:3000/_next/static/chunks/88bef_%40react-three_fiber_dist_a53eb1a6._.js:2287:23)
[  449988ms] ReferenceError: scrollState is not defined
    at Planet.useFrame [as current] (http://localhost:3000/_next/static/chunks/Desktop_portfolio-mission-control_src_9c666b12._.js?id=%255Bproject%255D%252FDesktop%252Fportfolio-mission-control%252Fsrc%252Fcomponents%252Fscene%252FPlanet.jsx+%255Bapp-client%255D+%2528ecmascript%2529:194:250)
    at update (http://localhost:3000/_next/static/chunks/88bef_%40react-three_fiber_dist_a53eb1a6._.js:2261:26)
    at loop (http://localhost:3000/_next/static/chunks/88bef_%40react-three_fiber_dist_a53eb1a6._.js:2287:23)
[  450001ms] ReferenceError: scrollState is not defined
    at Planet.useFrame [as current] (http://localhost:3000/_next/static/chunks/Desktop_portfolio-mission-control_src_9c666b12._.js?id=%255Bproject%255D%252FDesktop%252Fportfolio-mission-control%252Fsrc%252Fcomponents%252Fscene%252FPlanet.jsx+%255Bapp-client%255D+%2528ecmascript%2529:194:250)
    at update (http://localhost:3000/_next/static/chunks/88bef_%40react-three_fiber_dist_a53eb1a6._.js:2261:26)
    at loop (http://localhost:3000/_next/static/chunks/88bef_%40react-three_fiber_dist_a53eb1a6._.js:2287:23)
[  450015ms] ReferenceError: scrollState is not defined
    at Planet.useFrame [as current] (http://localhost:3000/_next/static/chunks/Desktop_portfolio-mission-control_src_9c666b12._.js?id=%255Bproject%255D%252FDesktop%252Fportfolio-mission-control%252Fsrc%252Fcomponents%252Fscene%252FPlanet.jsx+%255Bapp-client%255D+%2528ecmascript%2529:194:250)
    at update (http://localhost:3000/_next/static/chunks/88bef_%40react-three_fiber_dist_a53eb1a6._.js:2261:26)
    at loop (http://localhost:3000/_next/static/chunks/88bef_%40react-three_fiber_dist_a53eb1a6._.js:2287:23)
[  450029ms] ReferenceError: scrollState is not defined
    at Planet.useFrame [as current] (http://localhost:3000/_next/static/chunks/Desktop_portfolio-mission-control_src_9c666b12._.js?id=%255Bproject%255D%252FDesktop%252Fportfolio-mission-control%252Fsrc%252Fcomponents%252Fscene%252FPlanet.jsx+%255Bapp-client%255D+%2528ecmascript%2529:194:250)
    at update (http://localhost:3000/_next/static/chunks/88bef_%40react-three_fiber_dist_a53eb1a6._.js:2261:26)
    at loop (http://localhost:3000/_next/static/chunks/88bef_%40react-three_fiber_dist_a53eb1a6._.js:2287:23)
[  450046ms] ReferenceError: scrollState is not defined
    at Planet.useFrame [as current] (http://localhost:3000/_next/static/chunks/Desktop_portfolio-mission-control_src_9c666b12._.js?id=%255Bproject%255D%252FDesktop%252Fportfolio-mission-control%252Fsrc%252Fcomponents%252Fscene%252FPlanet.jsx+%255Bapp-client%255D+%2528ecmascript%2529:194:250)
    at update (http://localhost:3000/_next/static/chunks/88bef_%40react-three_fiber_dist_a53eb1a6._.js:2261:26)
    at loop (http://localhost:3000/_next/static/chunks/88bef_%40react-three_fiber_dist_a53eb1a6._.js:2287:23)
[  450055ms] ReferenceError: scrollState is not defined
    at Planet.useFrame [as current] (http://localhost:3000/_next/static/chunks/Desktop_portfolio-mission-control_src_9c666b12._.js?id=%255Bproject%255D%252FDesktop%252Fportfolio-mission-control%252Fsrc%252Fcomponents%252Fscene%252FPlanet.jsx+%255Bapp-client%255D+%2528ecmascript%2529:194:250)
    at update (http://localhost:3000/_next/static/chunks/88bef_%40react-three_fiber_dist_a53eb1a6._.js:2261:26)
    at loop (http://localhost:3000/_next/static/chunks/88bef_%40react-three_fiber_dist_a53eb1a6._.js:2287:23)
[  450062ms] [LOG] [Fast Refresh] rebuilding @ http://localhost:3000/_next/static/chunks/88bef_next_dist_e00fd810._.js:2287
[  450069ms] ReferenceError: scrollState is not defined
    at Planet.useFrame [as current] (http://localhost:3000/_next/static/chunks/Desktop_portfolio-mission-control_src_9c666b12._.js?id=%255Bproject%255D%252FDesktop%252Fportfolio-mission-control%252Fsrc%252Fcomponents%252Fscene%252FPlanet.jsx+%255Bapp-client%255D+%2528ecmascript%2529:194:250)
    at update (http://localhost:3000/_next/static/chunks/88bef_%40react-three_fiber_dist_a53eb1a6._.js:2261:26)
    at loop (http://localhost:3000/_next/static/chunks/88bef_%40react-three_fiber_dist_a53eb1a6._.js:2287:23)
[  450093ms] ReferenceError: scrollState is not defined
    at Planet.useFrame [as current] (http://localhost:3000/_next/static/chunks/Desktop_portfolio-mission-control_src_9c666b12._.js?id=%255Bproject%255D%252FDesktop%252Fportfolio-mission-control%252Fsrc%252Fcomponents%252Fscene%252FPlanet.jsx+%255Bapp-client%255D+%2528ecmascript%2529:194:250)
    at update (http://localhost:3000/_next/static/chunks/88bef_%40react-three_fiber_dist_a53eb1a6._.js:2261:26)
    at loop (http://localhost:3000/_next/static/chunks/88bef_%40react-three_fiber_dist_a53eb1a6._.js:2287:23)
[  450100ms] ReferenceError: scrollState is not defined
    at Planet.useFrame [as current] (http://localhost:3000/_next/static/chunks/Desktop_portfolio-mission-control_src_9c666b12._.js?id=%255Bproject%255D%252FDesktop%252Fportfolio-mission-control%252Fsrc%252Fcomponents%252Fscene%252FPlanet.jsx+%255Bapp-client%255D+%2528ecmascript%2529:194:250)
    at update (http://localhost:3000/_next/static/chunks/88bef_%40react-three_fiber_dist_a53eb1a6._.js:2261:26)
    at loop (http://localhost:3000/_next/static/chunks/88bef_%40react-three_fiber_dist_a53eb1a6._.js:2287:23)
[  450109ms] ReferenceError: scrollState is not defined
    at Planet.useFrame [as current] (http://localhost:3000/_next/static/chunks/Desktop_portfolio-mission-control_src_9c666b12._.js?id=%255Bproject%255D%252FDesktop%252Fportfolio-mission-control%252Fsrc%252Fcomponents%252Fscene%252FPlanet.jsx+%255Bapp-client%255D+%2528ecmascript%2529:194:250)
    at update (http://localhost:3000/_next/static/chunks/88bef_%40react-three_fiber_dist_a53eb1a6._.js:2261:26)
    at loop (http://localhost:3000/_next/static/chunks/88bef_%40react-three_fiber_dist_a53eb1a6._.js:2287:23)
[  450122ms] ReferenceError: scrollState is not defined
    at Planet.useFrame [as current] (http://localhost:3000/_next/static/chunks/Desktop_portfolio-mission-control_src_9c666b12._.js?id=%255Bproject%255D%252FDesktop%252Fportfolio-mission-control%252Fsrc%252Fcomponents%252Fscene%252FPlanet.jsx+%255Bapp-client%255D+%2528ecmascript%2529:194:250)
    at update (http://localhost:3000/_next/static/chunks/88bef_%40react-three_fiber_dist_a53eb1a6._.js:2261:26)
    at loop (http://localhost:3000/_next/static/chunks/88bef_%40react-three_fiber_dist_a53eb1a6._.js:2287:23)
[  450140ms] ReferenceError: scrollState is not defined
    at Planet.useFrame [as current] (http://localhost:3000/_next/static/chunks/Desktop_portfolio-mission-control_src_9c666b12._.js?id=%255Bproject%255D%252FDesktop%252Fportfolio-mission-control%252Fsrc%252Fcomponents%252Fscene%252FPlanet.jsx+%255Bapp-client%255D+%2528ecmascript%2529:194:250)
    at update (http://localhost:3000/_next/static/chunks/88bef_%40react-three_fiber_dist_a53eb1a6._.js:2261:26)
    at loop (http://localhost:3000/_next/static/chunks/88bef_%40react-three_fiber_dist_a53eb1a6._.js:2287:23)
[  450149ms] ReferenceError: scrollState is not defined
    at Planet.useFrame [as current] (http://localhost:3000/_next/static/chunks/Desktop_portfolio-mission-control_src_9c666b12._.js?id=%255Bproject%255D%252FDesktop%252Fportfolio-mission-control%252Fsrc%252Fcomponents%252Fscene%252FPlanet.jsx+%255Bapp-client%255D+%2528ecmascript%2529:194:250)
    at update (http://localhost:3000/_next/static/chunks/88bef_%40react-three_fiber_dist_a53eb1a6._.js:2261:26)
    at loop (http://localhost:3000/_next/static/chunks/88bef_%40react-three_fiber_dist_a53eb1a6._.js:2287:23)
[  450162ms] ReferenceError: scrollState is not defined
    at Planet.useFrame [as current] (http://localhost:3000/_next/static/chunks/Desktop_portfolio-mission-control_src_9c666b12._.js?id=%255Bproject%255D%252FDesktop%252Fportfolio-mission-control%252Fsrc%252Fcomponents%252Fscene%252FPlanet.jsx+%255Bapp-client%255D+%2528ecmascript%2529:194:250)
    at update (http://localhost:3000/_next/static/chunks/88bef_%40react-three_fiber_dist_a53eb1a6._.js:2261:26)
    at loop (http://localhost:3000/_next/static/chunks/88bef_%40react-three_fiber_dist_a53eb1a6._.js:2287:23)
[  450176ms] ReferenceError: scrollState is not defined
    at Planet.useFrame [as current] (http://localhost:3000/_next/static/chunks/Desktop_portfolio-mission-control_src_9c666b12._.js?id=%255Bproject%255D%252FDesktop%252Fportfolio-mission-control%252Fsrc%252Fcomponents%252Fscene%252FPlanet.jsx+%255Bapp-client%255D+%2528ecmascript%2529:194:250)
    at update (http://localhost:3000/_next/static/chunks/88bef_%40react-three_fiber_dist_a53eb1a6._.js:2261:26)
    at loop (http://localhost:3000/_next/static/chunks/88bef_%40react-three_fiber_dist_a53eb1a6._.js:2287:23)
[  450188ms] ReferenceError: scrollState is not defined
    at Planet.useFrame [as current] (http://localhost:3000/_next/static/chunks/Desktop_portfolio-mission-control_src_9c666b12._.js?id=%255Bproject%255D%252FDesktop%252Fportfolio-mission-control%252Fsrc%252Fcomponents%252Fscene%252FPlanet.jsx+%255Bapp-client%255D+%2528ecmascript%2529:194:250)
    at update (http://localhost:3000/_next/static/chunks/88bef_%40react-three_fiber_dist_a53eb1a6._.js:2261:26)
    at loop (http://localhost:3000/_next/static/chunks/88bef_%40react-three_fiber_dist_a53eb1a6._.js:2287:23)
[  450203ms] ReferenceError: scrollState is not defined
    at Planet.useFrame [as current] (http://localhost:3000/_next/static/chunks/Desktop_portfolio-mission-control_src_9c666b12._.js?id=%255Bproject%255D%252FDesktop%252Fportfolio-mission-control%252Fsrc%252Fcomponents%252Fscene%252FPlanet.jsx+%255Bapp-client%255D+%2528ecmascript%2529:194:250)
    at update (http://localhost:3000/_next/static/chunks/88bef_%40react-three_fiber_dist_a53eb1a6._.js:2261:26)
    at loop (http://localhost:3000/_next/static/chunks/88bef_%40react-three_fiber_dist_a53eb1a6._.js:2287:23)
[  450215ms] ReferenceError: scrollState is not defined
    at Planet.useFrame [as current] (http://localhost:3000/_next/static/chunks/Desktop_portfolio-mission-control_src_9c666b12._.js?id=%255Bproject%255D%252FDesktop%252Fportfolio-mission-control%252Fsrc%252Fcomponents%252Fscene%252FPlanet.jsx+%255Bapp-client%255D+%2528ecmascript%2529:194:250)
    at update (http://localhost:3000/_next/static/chunks/88bef_%40react-three_fiber_dist_a53eb1a6._.js:2261:26)
    at loop (http://localhost:3000/_next/static/chunks/88bef_%40react-three_fiber_dist_a53eb1a6._.js:2287:23)
[  450228ms] ReferenceError: scrollState is not defined
    at Planet.useFrame [as current] (http://localhost:3000/_next/static/chunks/Desktop_portfolio-mission-control_src_9c666b12._.js?id=%255Bproject%255D%252FDesktop%252Fportfolio-mission-control%252Fsrc%252Fcomponents%252Fscene%252FPlanet.jsx+%255Bapp-client%255D+%2528ecmascript%2529:194:250)
    at update (http://localhost:3000/_next/static/chunks/88bef_%40react-three_fiber_dist_a53eb1a6._.js:2261:26)
    at loop (http://localhost:3000/_next/static/chunks/88bef_%40react-three_fiber_dist_a53eb1a6._.js:2287:23)
[  450241ms] ReferenceError: scrollState is not defined
    at Planet.useFrame [as current] (http://localhost:3000/_next/static/chunks/Desktop_portfolio-mission-control_src_9c666b12._.js?id=%255Bproject%255D%252FDesktop%252Fportfolio-mission-control%252Fsrc%252Fcomponents%252Fscene%252FPlanet.jsx+%255Bapp-client%255D+%2528ecmascript%2529:194:250)
    at update (http://localhost:3000/_next/static/chunks/88bef_%40react-three_fiber_dist_a53eb1a6._.js:2261:26)
    at loop (http://localhost:3000/_next/static/chunks/88bef_%40react-three_fiber_dist_a53eb1a6._.js:2287:23)
[  450274ms] [LOG] [Fast Refresh] done in 294ms @ http://localhost:3000/_next/static/chunks/88bef_next_dist_e00fd810._.js:2287
[  460341ms] [LOG] [Fast Refresh] rebuilding @ http://localhost:3000/_next/static/chunks/88bef_next_dist_e00fd810._.js:2287
[  460396ms] [LOG] [Fast Refresh] done in 119ms @ http://localhost:3000/_next/static/chunks/88bef_next_dist_e00fd810._.js:2287
[  460411ms] [WARNING] THREE.Texture: Unable to serialize Texture. @ http://localhost:3000/_next/static/chunks/88bef_next_dist_e00fd810._.js:2287
[  460413ms] [WARNING] THREE.Texture: Unable to serialize Texture. @ http://localhost:3000/_next/static/chunks/88bef_next_dist_e00fd810._.js:2287
[  460413ms] [WARNING] THREE.Texture: Unable to serialize Texture. @ http://localhost:3000/_next/static/chunks/88bef_next_dist_e00fd810._.js:2287
[  460415ms] [WARNING] THREE.Texture: Unable to serialize Texture. @ http://localhost:3000/_next/static/chunks/88bef_next_dist_e00fd810._.js:2287
[  460416ms] [WARNING] THREE.Texture: Unable to serialize Texture. @ http://localhost:3000/_next/static/chunks/88bef_next_dist_e00fd810._.js:2287
[  460416ms] [WARNING] THREE.Texture: Unable to serialize Texture. @ http://localhost:3000/_next/static/chunks/88bef_next_dist_e00fd810._.js:2287
[  460416ms] [WARNING] THREE.Texture: Unable to serialize Texture. @ http://localhost:3000/_next/static/chunks/88bef_next_dist_e00fd810._.js:2287
[  460416ms] [WARNING] THREE.Texture: Unable to serialize Texture. @ http://localhost:3000/_next/static/chunks/88bef_next_dist_e00fd810._.js:2287
[  460417ms] [WARNING] THREE.Texture: Unable to serialize Texture. @ http://localhost:3000/_next/static/chunks/88bef_next_dist_e00fd810._.js:2287
[  460417ms] [WARNING] THREE.Texture: Unable to serialize Texture. @ http://localhost:3000/_next/static/chunks/88bef_next_dist_e00fd810._.js:2287
[  460417ms] [WARNING] THREE.Texture: Unable to serialize Texture. @ http://localhost:3000/_next/static/chunks/88bef_next_dist_e00fd810._.js:2287
[  460417ms] [WARNING] THREE.Texture: Unable to serialize Texture. @ http://localhost:3000/_next/static/chunks/88bef_next_dist_e00fd810._.js:2287
[  460417ms] [WARNING] THREE.Texture: Unable to serialize Texture. @ http://localhost:3000/_next/static/chunks/88bef_next_dist_e00fd810._.js:2287
[  460417ms] [WARNING] THREE.Texture: Unable to serialize Texture. @ http://localhost:3000/_next/static/chunks/88bef_next_dist_e00fd810._.js:2287
[  460417ms] [WARNING] THREE.Texture: Unable to serialize Texture. @ http://localhost:3000/_next/static/chunks/88bef_next_dist_e00fd810._.js:2287
[  460417ms] [WARNING] THREE.Texture: Unable to serialize Texture. @ http://localhost:3000/_next/static/chunks/88bef_next_dist_e00fd810._.js:2287
[  460417ms] [WARNING] THREE.Texture: Unable to serialize Texture. @ http://localhost:3000/_next/static/chunks/88bef_next_dist_e00fd810._.js:2287
[  460417ms] [WARNING] THREE.Texture: Unable to serialize Texture. @ http://localhost:3000/_next/static/chunks/88bef_next_dist_e00fd810._.js:2287
[  460417ms] [WARNING] THREE.Texture: Unable to serialize Texture. @ http://localhost:3000/_next/static/chunks/88bef_next_dist_e00fd810._.js:2287
[  460418ms] [WARNING] THREE.Texture: Unable to serialize Texture. @ http://localhost:3000/_next/static/chunks/88bef_next_dist_e00fd810._.js:2287
[  460418ms] [WARNING] THREE.Texture: Unable to serialize Texture. @ http://localhost:3000/_next/static/chunks/88bef_next_dist_e00fd810._.js:2287
[  460418ms] [WARNING] THREE.Texture: Unable to serialize Texture. @ http://localhost:3000/_next/static/chunks/88bef_next_dist_e00fd810._.js:2287
[  460418ms] [WARNING] THREE.Texture: Unable to serialize Texture. @ http://localhost:3000/_next/static/chunks/88bef_next_dist_e00fd810._.js:2287
[  460418ms] [WARNING] THREE.Texture: Unable to serialize Texture. @ http://localhost:3000/_next/static/chunks/88bef_next_dist_e00fd810._.js:2287
[  460418ms] [WARNING] THREE.Texture: Unable to serialize Texture. @ http://localhost:3000/_next/static/chunks/88bef_next_dist_e00fd810._.js:2287
[  460418ms] [WARNING] THREE.Texture: Unable to serialize Texture. @ http://localhost:3000/_next/static/chunks/88bef_next_dist_e00fd810._.js:2287
[  460418ms] [WARNING] THREE.Texture: Unable to serialize Texture. @ http://localhost:3000/_next/static/chunks/88bef_next_dist_e00fd810._.js:2287
[  460418ms] [WARNING] THREE.Texture: Unable to serialize Texture. @ http://localhost:3000/_next/static/chunks/88bef_next_dist_e00fd810._.js:2287
[  460418ms] [WARNING] THREE.Texture: Unable to serialize Texture. @ http://localhost:3000/_next/static/chunks/88bef_next_dist_e00fd810._.js:2287
[  460430ms] [WARNING] THREE.Texture: Unable to serialize Texture. @ http://localhost:3000/_next/static/chunks/88bef_next_dist_e00fd810._.js:2287
[  460430ms] [WARNING] THREE.Texture: Unable to serialize Texture. @ http://localhost:3000/_next/static/chunks/88bef_next_dist_e00fd810._.js:2287
[  460430ms] [WARNING] THREE.Texture: Unable to serialize Texture. @ http://localhost:3000/_next/static/chunks/88bef_next_dist_e00fd810._.js:2287
[  460430ms] [WARNING] THREE.Texture: Unable to serialize Texture. @ http://localhost:3000/_next/static/chunks/88bef_next_dist_e00fd810._.js:2287
[  460430ms] [WARNING] THREE.Texture: Unable to serialize Texture. @ http://localhost:3000/_next/static/chunks/88bef_next_dist_e00fd810._.js:2287
[  460430ms] [WARNING] THREE.Texture: Unable to serialize Texture. @ http://localhost:3000/_next/static/chunks/88bef_next_dist_e00fd810._.js:2287
[  460431ms] [WARNING] THREE.Texture: Unable to serialize Texture. @ http://localhost:3000/_next/static/chunks/88bef_next_dist_e00fd810._.js:2287
[  460431ms] [WARNING] THREE.Texture: Unable to serialize Texture. @ http://localhost:3000/_next/static/chunks/88bef_next_dist_e00fd810._.js:2287
[  460431ms] [WARNING] THREE.Texture: Unable to serialize Texture. @ http://localhost:3000/_next/static/chunks/88bef_next_dist_e00fd810._.js:2287
[  460431ms] [WARNING] THREE.Texture: Unable to serialize Texture. @ http://localhost:3000/_next/static/chunks/88bef_next_dist_e00fd810._.js:2287
[  460431ms] [WARNING] THREE.Texture: Unable to serialize Texture. @ http://localhost:3000/_next/static/chunks/88bef_next_dist_e00fd810._.js:2287
[  460431ms] [WARNING] THREE.Texture: Unable to serialize Texture. @ http://localhost:3000/_next/static/chunks/88bef_next_dist_e00fd810._.js:2287
[  460431ms] [WARNING] THREE.Texture: Unable to serialize Texture. @ http://localhost:3000/_next/static/chunks/88bef_next_dist_e00fd810._.js:2287
[  460431ms] [WARNING] THREE.Texture: Unable to serialize Texture. @ http://localhost:3000/_next/static/chunks/88bef_next_dist_e00fd810._.js:2287
[  460431ms] [WARNING] THREE.Texture: Unable to serialize Texture. @ http://localhost:3000/_next/static/chunks/88bef_next_dist_e00fd810._.js:2287
[  460431ms] [WARNING] THREE.Texture: Unable to serialize Texture. @ http://localhost:3000/_next/static/chunks/88bef_next_dist_e00fd810._.js:2287
[  460431ms] [WARNING] THREE.Texture: Unable to serialize Texture. @ http://localhost:3000/_next/static/chunks/88bef_next_dist_e00fd810._.js:2287
[  460431ms] [WARNING] THREE.Texture: Unable to serialize Texture. @ http://localhost:3000/_next/static/chunks/88bef_next_dist_e00fd810._.js:2287
[  460431ms] [WARNING] THREE.Texture: Unable to serialize Texture. @ http://localhost:3000/_next/static/chunks/88bef_next_dist_e00fd810._.js:2287
[  460431ms] [WARNING] THREE.Texture: Unable to serialize Texture. @ http://localhost:3000/_next/static/chunks/88bef_next_dist_e00fd810._.js:2287
[  460431ms] [WARNING] THREE.Texture: Unable to serialize Texture. @ http://localhost:3000/_next/static/chunks/88bef_next_dist_e00fd810._.js:2287
[  460431ms] [WARNING] THREE.Texture: Unable to serialize Texture. @ http://localhost:3000/_next/static/chunks/88bef_next_dist_e00fd810._.js:2287
[  460431ms] [WARNING] THREE.Texture: Unable to serialize Texture. @ http://localhost:3000/_next/static/chunks/88bef_next_dist_e00fd810._.js:2287
[  460431ms] [WARNING] THREE.Texture: Unable to serialize Texture. @ http://localhost:3000/_next/static/chunks/88bef_next_dist_e00fd810._.js:2287
[  460431ms] [WARNING] THREE.Texture: Unable to serialize Texture. @ http://localhost:3000/_next/static/chunks/88bef_next_dist_e00fd810._.js:2287
[  460431ms] [WARNING] THREE.Texture: Unable to serialize Texture. @ http://localhost:3000/_next/static/chunks/88bef_next_dist_e00fd810._.js:2287
[  460431ms] [WARNING] THREE.Texture: Unable to serialize Texture. @ http://localhost:3000/_next/static/chunks/88bef_next_dist_e00fd810._.js:2287
[  460432ms] [WARNING] THREE.Texture: Unable to serialize Texture. @ http://localhost:3000/_next/static/chunks/88bef_next_dist_e00fd810._.js:2287
[  460432ms] [WARNING] THREE.Texture: Unable to serialize Texture. @ http://localhost:3000/_next/static/chunks/88bef_next_dist_e00fd810._.js:2287
[  460436ms] TypeError: Converting circular structure to JSON
    --> starting at object with constructor 'Object'
    |     property 'children' -> object with constructor 'Array'
    |     index 0 -> object with constructor 'Object'
    --- property 'parent' closes the circle
    at JSON.stringify (<anonymous>)
    at http://localhost:3000/_next/static/chunks/88bef_e9949aa0._.js:3253:18
    at react-stack-bottom-frame (http://localhost:3000/_next/static/chunks/88bef_react-reconciler_c3ba74b2._.js:7165:24)
    at renderWithHooks (http://localhost:3000/_next/static/chunks/88bef_react-reconciler_c3ba74b2._.js:2233:24)
    at updateFunctionComponent (http://localhost:3000/_next/static/chunks/88bef_react-reconciler_c3ba74b2._.js:3497:21)
    at beginWork (http://localhost:3000/_next/static/chunks/88bef_react-reconciler_c3ba74b2._.js:4089:24)
    at runWithFiberInDEV (http://localhost:3000/_next/static/chunks/88bef_react-reconciler_c3ba74b2._.js:428:20)
    at performUnitOfWork (http://localhost:3000/_next/static/chunks/88bef_react-reconciler_c3ba74b2._.js:6346:87)
    at workLoopSync (http://localhost:3000/_next/static/chunks/88bef_react-reconciler_c3ba74b2._.js:6239:40)
    at renderRootSync (http://localhost:3000/_next/static/chunks/88bef_react-reconciler_c3ba74b2._.js:6222:13)
    at performWorkOnRoot (http://localhost:3000/_next/static/chunks/88bef_react-reconciler_c3ba74b2._.js:5982:56)
    at performWorkOnRootViaSchedulerTask (http://localhost:3000/_next/static/chunks/88bef_react-reconciler_c3ba74b2._.js:1385:9)
    at MessagePort.performWorkUntilDeadline (http://localhost:3000/_next/static/chunks/88bef_e9949aa0._.js:2171:64)
[  460505ms] TypeError: Converting circular structure to JSON
    --> starting at object with constructor 'Object'
    |     property 'children' -> object with constructor 'Array'
    |     index 0 -> object with constructor 'Object'
    --- property 'parent' closes the circle
    at JSON.stringify (<anonymous>)
    at http://localhost:3000/_next/static/chunks/88bef_e9949aa0._.js:3253:18
    at react-stack-bottom-frame (http://localhost:3000/_next/static/chunks/88bef_react-reconciler_c3ba74b2._.js:7165:24)
    at renderWithHooks (http://localhost:3000/_next/static/chunks/88bef_react-reconciler_c3ba74b2._.js:2233:24)
    at updateFunctionComponent (http://localhost:3000/_next/static/chunks/88bef_react-reconciler_c3ba74b2._.js:3497:21)
    at beginWork (http://localhost:3000/_next/static/chunks/88bef_react-reconciler_c3ba74b2._.js:4089:24)
    at runWithFiberInDEV (http://localhost:3000/_next/static/chunks/88bef_react-reconciler_c3ba74b2._.js:428:20)
    at performUnitOfWork (http://localhost:3000/_next/static/chunks/88bef_react-reconciler_c3ba74b2._.js:6346:87)
    at workLoopSync (http://localhost:3000/_next/static/chunks/88bef_react-reconciler_c3ba74b2._.js:6239:40)
    at renderRootSync (http://localhost:3000/_next/static/chunks/88bef_react-reconciler_c3ba74b2._.js:6222:13)
    at performWorkOnRoot (http://localhost:3000/_next/static/chunks/88bef_react-reconciler_c3ba74b2._.js:5982:56)
    at performWorkOnRootViaSchedulerTask (http://localhost:3000/_next/static/chunks/88bef_react-reconciler_c3ba74b2._.js:1385:9)
    at MessagePort.performWorkUntilDeadline (http://localhost:3000/_next/static/chunks/88bef_e9949aa0._.js:2171:64)
[  461127ms] [LOG] THREE.WebGLRenderer: Context Lost. @ http://localhost:3000/_next/static/chunks/88bef_next_dist_e00fd810._.js:2287
[  469762ms] [LOG] [Fast Refresh] rebuilding @ http://localhost:3000/_next/static/chunks/88bef_next_dist_e00fd810._.js:2287
[  469774ms] [WARNING] [Fast Refresh] performing full reload because your application had an unrecoverable error @ http://localhost:3000/_next/static/chunks/88bef_next_dist_e00fd810._.js:2287
[  469877ms] [LOG] [Fast Refresh] done in 53ms @ http://localhost:3000/_next/static/chunks/88bef_next_dist_e00fd810._.js:2287
[  470086ms] [LOG] [Fast Refresh] rebuilding @ http://localhost:3000/_next/static/chunks/88bef_next_dist_e00fd810._.js:2287
[  470143ms] [LOG] [Fast Refresh] done in 255ms @ http://localhost:3000/_next/static/chunks/88bef_next_dist_e00fd810._.js:2287
[  470516ms] [INFO] %cDownload the React DevTools for a better development experience: https://react.dev/link/react-devtools font-weight:bold @ http://localhost:3000/_next/static/chunks/88bef_next_dist_e00fd810._.js:2287
[  470563ms] [LOG] [HMR] connected @ http://localhost:3000/_next/static/chunks/88bef_next_dist_e00fd810._.js:2287
[  486426ms] [LOG] [Fast Refresh] rebuilding @ http://localhost:3000/_next/static/chunks/88bef_next_dist_e00fd810._.js:2287
[  486446ms] [LOG] [Fast Refresh] done in 101ms @ http://localhost:3000/_next/static/chunks/88bef_next_dist_e00fd810._.js:2287
[  494841ms] [LOG] [Fast Refresh] rebuilding @ http://localhost:3000/_next/static/chunks/88bef_next_dist_e00fd810._.js:2287
[  494867ms] [LOG] [Fast Refresh] done in 50ms @ http://localhost:3000/_next/static/chunks/88bef_next_dist_e00fd810._.js:2287
[  505467ms] [LOG] [Fast Refresh] rebuilding @ http://localhost:3000/_next/static/chunks/88bef_next_dist_e00fd810._.js:2287
[  505512ms] [LOG] [Fast Refresh] done in 124ms @ http://localhost:3000/_next/static/chunks/88bef_next_dist_e00fd810._.js:2287
[  510542ms] [LOG] [Fast Refresh] rebuilding @ http://localhost:3000/_next/static/chunks/88bef_next_dist_e00fd810._.js:2287
[  510754ms] [LOG] [Fast Refresh] done in 290ms @ http://localhost:3000/_next/static/chunks/88bef_next_dist_e00fd810._.js:2287
[  589813ms] [LOG] [Fast Refresh] rebuilding @ http://localhost:3000/_next/static/chunks/88bef_next_dist_e00fd810._.js:2287
[  589935ms] [LOG] [Fast Refresh] done in 224ms @ http://localhost:3000/_next/static/chunks/88bef_next_dist_e00fd810._.js:2287
[  590281ms] [INFO] %cDownload the React DevTools for a better development experience: https://react.dev/link/react-devtools font-weight:bold @ http://localhost:3000/_next/static/chunks/88bef_next_dist_e00fd810._.js:2287
[  590318ms] [LOG] [HMR] connected @ http://localhost:3000/_next/static/chunks/88bef_next_dist_e00fd810._.js:2287
[  596306ms] [INFO] %cDownload the React DevTools for a better development experience: https://react.dev/link/react-devtools font-weight:bold @ http://localhost:3000/_next/static/chunks/88bef_next_dist_e00fd810._.js:2287
[  596334ms] [LOG] [HMR] connected @ http://localhost:3000/_next/static/chunks/88bef_next_dist_e00fd810._.js:2287
[ 1002935ms] [LOG] [Fast Refresh] rebuilding @ http://localhost:3000/_next/static/chunks/88bef_next_dist_e00fd810._.js:2287
[ 1003022ms] [LOG] [Fast Refresh] done in 193ms @ http://localhost:3000/_next/static/chunks/88bef_next_dist_e00fd810._.js:2287
[ 1009225ms] [LOG] [Fast Refresh] rebuilding @ http://localhost:3000/_next/static/chunks/88bef_next_dist_e00fd810._.js:2287
[ 1009586ms] [WARNING] THREE.Texture: Unable to serialize Texture. @ http://localhost:3000/_next/static/chunks/88bef_next_dist_e00fd810._.js:2287
[ 1009587ms] [WARNING] THREE.Texture: Unable to serialize Texture. @ http://localhost:3000/_next/static/chunks/88bef_next_dist_e00fd810._.js:2287
[ 1009587ms] [WARNING] THREE.Texture: Unable to serialize Texture. @ http://localhost:3000/_next/static/chunks/88bef_next_dist_e00fd810._.js:2287
[ 1009587ms] [WARNING] THREE.Texture: Unable to serialize Texture. @ http://localhost:3000/_next/static/chunks/88bef_next_dist_e00fd810._.js:2287
[ 1009587ms] [WARNING] THREE.Texture: Unable to serialize Texture. @ http://localhost:3000/_next/static/chunks/88bef_next_dist_e00fd810._.js:2287
[ 1009587ms] [WARNING] THREE.Texture: Unable to serialize Texture. @ http://localhost:3000/_next/static/chunks/88bef_next_dist_e00fd810._.js:2287
[ 1009587ms] [WARNING] THREE.Texture: Unable to serialize Texture. @ http://localhost:3000/_next/static/chunks/88bef_next_dist_e00fd810._.js:2287
[ 1009587ms] [WARNING] THREE.Texture: Unable to serialize Texture. @ http://localhost:3000/_next/static/chunks/88bef_next_dist_e00fd810._.js:2287
[ 1009588ms] [WARNING] THREE.Texture: Unable to serialize Texture. @ http://localhost:3000/_next/static/chunks/88bef_next_dist_e00fd810._.js:2287
[ 1009588ms] [WARNING] THREE.Texture: Unable to serialize Texture. @ http://localhost:3000/_next/static/chunks/88bef_next_dist_e00fd810._.js:2287
[ 1009588ms] [WARNING] THREE.Texture: Unable to serialize Texture. @ http://localhost:3000/_next/static/chunks/88bef_next_dist_e00fd810._.js:2287
[ 1009588ms] [WARNING] THREE.Texture: Unable to serialize Texture. @ http://localhost:3000/_next/static/chunks/88bef_next_dist_e00fd810._.js:2287
[ 1009588ms] [WARNING] THREE.Texture: Unable to serialize Texture. @ http://localhost:3000/_next/static/chunks/88bef_next_dist_e00fd810._.js:2287
[ 1009588ms] [WARNING] THREE.Texture: Unable to serialize Texture. @ http://localhost:3000/_next/static/chunks/88bef_next_dist_e00fd810._.js:2287
[ 1009588ms] [WARNING] THREE.Texture: Unable to serialize Texture. @ http://localhost:3000/_next/static/chunks/88bef_next_dist_e00fd810._.js:2287
[ 1009588ms] [WARNING] THREE.Texture: Unable to serialize Texture. @ http://localhost:3000/_next/static/chunks/88bef_next_dist_e00fd810._.js:2287
[ 1009588ms] [WARNING] THREE.Texture: Unable to serialize Texture. @ http://localhost:3000/_next/static/chunks/88bef_next_dist_e00fd810._.js:2287
[ 1009588ms] [WARNING] THREE.Texture: Unable to serialize Texture. @ http://localhost:3000/_next/static/chunks/88bef_next_dist_e00fd810._.js:2287
[ 1009588ms] [WARNING] THREE.Texture: Unable to serialize Texture. @ http://localhost:3000/_next/static/chunks/88bef_next_dist_e00fd810._.js:2287
[ 1009588ms] [WARNING] THREE.Texture: Unable to serialize Texture. @ http://localhost:3000/_next/static/chunks/88bef_next_dist_e00fd810._.js:2287
[ 1009588ms] [WARNING] THREE.Texture: Unable to serialize Texture. @ http://localhost:3000/_next/static/chunks/88bef_next_dist_e00fd810._.js:2287
[ 1009588ms] [WARNING] THREE.Texture: Unable to serialize Texture. @ http://localhost:3000/_next/static/chunks/88bef_next_dist_e00fd810._.js:2287
[ 1009588ms] [WARNING] THREE.Texture: Unable to serialize Texture. @ http://localhost:3000/_next/static/chunks/88bef_next_dist_e00fd810._.js:2287
[ 1009588ms] [WARNING] THREE.Texture: Unable to serialize Texture. @ http://localhost:3000/_next/static/chunks/88bef_next_dist_e00fd810._.js:2287
[ 1009588ms] [WARNING] THREE.Texture: Unable to serialize Texture. @ http://localhost:3000/_next/static/chunks/88bef_next_dist_e00fd810._.js:2287
[ 1009588ms] [WARNING] THREE.Texture: Unable to serialize Texture. @ http://localhost:3000/_next/static/chunks/88bef_next_dist_e00fd810._.js:2287
[ 1009589ms] [WARNING] THREE.Texture: Unable to serialize Texture. @ http://localhost:3000/_next/static/chunks/88bef_next_dist_e00fd810._.js:2287
[ 1009589ms] [WARNING] THREE.Texture: Unable to serialize Texture. @ http://localhost:3000/_next/static/chunks/88bef_next_dist_e00fd810._.js:2287
[ 1009589ms] [WARNING] THREE.Texture: Unable to serialize Texture. @ http://localhost:3000/_next/static/chunks/88bef_next_dist_e00fd810._.js:2287
[ 1009597ms] [WARNING] THREE.Texture: Unable to serialize Texture. @ http://localhost:3000/_next/static/chunks/88bef_next_dist_e00fd810._.js:2287
[ 1009597ms] [WARNING] THREE.Texture: Unable to serialize Texture. @ http://localhost:3000/_next/static/chunks/88bef_next_dist_e00fd810._.js:2287
[ 1009597ms] [WARNING] THREE.Texture: Unable to serialize Texture. @ http://localhost:3000/_next/static/chunks/88bef_next_dist_e00fd810._.js:2287
[ 1009597ms] [WARNING] THREE.Texture: Unable to serialize Texture. @ http://localhost:3000/_next/static/chunks/88bef_next_dist_e00fd810._.js:2287
[ 1009597ms] [WARNING] THREE.Texture: Unable to serialize Texture. @ http://localhost:3000/_next/static/chunks/88bef_next_dist_e00fd810._.js:2287
[ 1009597ms] [WARNING] THREE.Texture: Unable to serialize Texture. @ http://localhost:3000/_next/static/chunks/88bef_next_dist_e00fd810._.js:2287
[ 1009597ms] [WARNING] THREE.Texture: Unable to serialize Texture. @ http://localhost:3000/_next/static/chunks/88bef_next_dist_e00fd810._.js:2287
[ 1009597ms] [WARNING] THREE.Texture: Unable to serialize Texture. @ http://localhost:3000/_next/static/chunks/88bef_next_dist_e00fd810._.js:2287
[ 1009597ms] [WARNING] THREE.Texture: Unable to serialize Texture. @ http://localhost:3000/_next/static/chunks/88bef_next_dist_e00fd810._.js:2287
[ 1009597ms] [WARNING] THREE.Texture: Unable to serialize Texture. @ http://localhost:3000/_next/static/chunks/88bef_next_dist_e00fd810._.js:2287
[ 1009597ms] [WARNING] THREE.Texture: Unable to serialize Texture. @ http://localhost:3000/_next/static/chunks/88bef_next_dist_e00fd810._.js:2287
[ 1009597ms] [WARNING] THREE.Texture: Unable to serialize Texture. @ http://localhost:3000/_next/static/chunks/88bef_next_dist_e00fd810._.js:2287
[ 1009597ms] [WARNING] THREE.Texture: Unable to serialize Texture. @ http://localhost:3000/_next/static/chunks/88bef_next_dist_e00fd810._.js:2287
[ 1009597ms] [WARNING] THREE.Texture: Unable to serialize Texture. @ http://localhost:3000/_next/static/chunks/88bef_next_dist_e00fd810._.js:2287
[ 1009597ms] [WARNING] THREE.Texture: Unable to serialize Texture. @ http://localhost:3000/_next/static/chunks/88bef_next_dist_e00fd810._.js:2287
[ 1009597ms] [WARNING] THREE.Texture: Unable to serialize Texture. @ http://localhost:3000/_next/static/chunks/88bef_next_dist_e00fd810._.js:2287
[ 1009598ms] [WARNING] THREE.Texture: Unable to serialize Texture. @ http://localhost:3000/_next/static/chunks/88bef_next_dist_e00fd810._.js:2287
[ 1009598ms] [WARNING] THREE.Texture: Unable to serialize Texture. @ http://localhost:3000/_next/static/chunks/88bef_next_dist_e00fd810._.js:2287
[ 1009598ms] [WARNING] THREE.Texture: Unable to serialize Texture. @ http://localhost:3000/_next/static/chunks/88bef_next_dist_e00fd810._.js:2287
[ 1009598ms] [WARNING] THREE.Texture: Unable to serialize Texture. @ http://localhost:3000/_next/static/chunks/88bef_next_dist_e00fd810._.js:2287
[ 1009598ms] [WARNING] THREE.Texture: Unable to serialize Texture. @ http://localhost:3000/_next/static/chunks/88bef_next_dist_e00fd810._.js:2287
[ 1009598ms] [WARNING] THREE.Texture: Unable to serialize Texture. @ http://localhost:3000/_next/static/chunks/88bef_next_dist_e00fd810._.js:2287
[ 1009598ms] [WARNING] THREE.Texture: Unable to serialize Texture. @ http://localhost:3000/_next/static/chunks/88bef_next_dist_e00fd810._.js:2287
[ 1009598ms] [WARNING] THREE.Texture: Unable to serialize Texture. @ http://localhost:3000/_next/static/chunks/88bef_next_dist_e00fd810._.js:2287
[ 1009598ms] [WARNING] THREE.Texture: Unable to serialize Texture. @ http://localhost:3000/_next/static/chunks/88bef_next_dist_e00fd810._.js:2287
[ 1009598ms] [WARNING] THREE.Texture: Unable to serialize Texture. @ http://localhost:3000/_next/static/chunks/88bef_next_dist_e00fd810._.js:2287
[ 1009598ms] [WARNING] THREE.Texture: Unable to serialize Texture. @ http://localhost:3000/_next/static/chunks/88bef_next_dist_e00fd810._.js:2287
[ 1009598ms] [WARNING] THREE.Texture: Unable to serialize Texture. @ http://localhost:3000/_next/static/chunks/88bef_next_dist_e00fd810._.js:2287
[ 1009598ms] [WARNING] THREE.Texture: Unable to serialize Texture. @ http://localhost:3000/_next/static/chunks/88bef_next_dist_e00fd810._.js:2287
[ 1009605ms] TypeError: Converting circular structure to JSON
    --> starting at object with constructor 'Object'
    |     property 'children' -> object with constructor 'Array'
    |     index 0 -> object with constructor 'Object'
    --- property 'parent' closes the circle
    at JSON.stringify (<anonymous>)
    at http://localhost:3000/_next/static/chunks/88bef_e9949aa0._.js:3253:18
    at react-stack-bottom-frame (http://localhost:3000/_next/static/chunks/88bef_react-reconciler_c3ba74b2._.js:7165:24)
    at renderWithHooks (http://localhost:3000/_next/static/chunks/88bef_react-reconciler_c3ba74b2._.js:2233:24)
    at updateFunctionComponent (http://localhost:3000/_next/static/chunks/88bef_react-reconciler_c3ba74b2._.js:3497:21)
    at beginWork (http://localhost:3000/_next/static/chunks/88bef_react-reconciler_c3ba74b2._.js:4089:24)
    at runWithFiberInDEV (http://localhost:3000/_next/static/chunks/88bef_react-reconciler_c3ba74b2._.js:428:20)
    at performUnitOfWork (http://localhost:3000/_next/static/chunks/88bef_react-reconciler_c3ba74b2._.js:6346:87)
    at workLoopSync (http://localhost:3000/_next/static/chunks/88bef_react-reconciler_c3ba74b2._.js:6239:40)
    at renderRootSync (http://localhost:3000/_next/static/chunks/88bef_react-reconciler_c3ba74b2._.js:6222:13)
    at performWorkOnRoot (http://localhost:3000/_next/static/chunks/88bef_react-reconciler_c3ba74b2._.js:5982:56)
    at performWorkOnRootViaSchedulerTask (http://localhost:3000/_next/static/chunks/88bef_react-reconciler_c3ba74b2._.js:1385:9)
    at MessagePort.performWorkUntilDeadline (http://localhost:3000/_next/static/chunks/88bef_e9949aa0._.js:2171:64)
[ 1009605ms] [LOG] [Fast Refresh] done in 268ms @ http://localhost:3000/_next/static/chunks/88bef_next_dist_e00fd810._.js:2287
[ 1009649ms] TypeError: Converting circular structure to JSON
    --> starting at object with constructor 'Object'
    |     property 'children' -> object with constructor 'Array'
    |     index 0 -> object with constructor 'Object'
    --- property 'parent' closes the circle
    at JSON.stringify (<anonymous>)
    at http://localhost:3000/_next/static/chunks/88bef_e9949aa0._.js:3253:18
    at react-stack-bottom-frame (http://localhost:3000/_next/static/chunks/88bef_react-reconciler_c3ba74b2._.js:7165:24)
    at renderWithHooks (http://localhost:3000/_next/static/chunks/88bef_react-reconciler_c3ba74b2._.js:2233:24)
    at updateFunctionComponent (http://localhost:3000/_next/static/chunks/88bef_react-reconciler_c3ba74b2._.js:3497:21)
    at beginWork (http://localhost:3000/_next/static/chunks/88bef_react-reconciler_c3ba74b2._.js:4089:24)
    at runWithFiberInDEV (http://localhost:3000/_next/static/chunks/88bef_react-reconciler_c3ba74b2._.js:428:20)
    at performUnitOfWork (http://localhost:3000/_next/static/chunks/88bef_react-reconciler_c3ba74b2._.js:6346:87)
    at workLoopSync (http://localhost:3000/_next/static/chunks/88bef_react-reconciler_c3ba74b2._.js:6239:40)
    at renderRootSync (http://localhost:3000/_next/static/chunks/88bef_react-reconciler_c3ba74b2._.js:6222:13)
    at performWorkOnRoot (http://localhost:3000/_next/static/chunks/88bef_react-reconciler_c3ba74b2._.js:5982:56)
    at performWorkOnRootViaSchedulerTask (http://localhost:3000/_next/static/chunks/88bef_react-reconciler_c3ba74b2._.js:1385:9)
    at MessagePort.performWorkUntilDeadline (http://localhost:3000/_next/static/chunks/88bef_e9949aa0._.js:2171:64)
[ 1010196ms] [LOG] THREE.WebGLRenderer: Context Lost. @ http://localhost:3000/_next/static/chunks/88bef_next_dist_e00fd810._.js:2287
[ 1026883ms] [LOG] [Fast Refresh] rebuilding @ http://localhost:3000/_next/static/chunks/88bef_next_dist_e00fd810._.js:2287
[ 1027038ms] [WARNING] [Fast Refresh] performing full reload because your application had an unrecoverable error @ http://localhost:3000/_next/static/chunks/88bef_next_dist_e00fd810._.js:2287
[ 1027299ms] [LOG] [Fast Refresh] done in 234ms @ http://localhost:3000/_next/static/chunks/88bef_next_dist_e00fd810._.js:2287
[ 1027804ms] [INFO] %cDownload the React DevTools for a better development experience: https://react.dev/link/react-devtools font-weight:bold @ http://localhost:3000/_next/static/chunks/88bef_next_dist_e00fd810._.js:2287
[ 1027847ms] [LOG] [HMR] connected @ http://localhost:3000/_next/static/chunks/88bef_next_dist_e00fd810._.js:2287
[ 1037793ms] [LOG] [Fast Refresh] rebuilding @ http://localhost:3000/_next/static/chunks/88bef_next_dist_e00fd810._.js:2287
[ 1037863ms] [LOG] [Fast Refresh] done in 143ms @ http://localhost:3000/_next/static/chunks/88bef_next_dist_e00fd810._.js:2287
[ 1043768ms] [LOG] [Fast Refresh] rebuilding @ http://localhost:3000/_next/static/chunks/88bef_next_dist_e00fd810._.js:2287
[ 1043906ms] [LOG] [Fast Refresh] done in 222ms @ http://localhost:3000/_next/static/chunks/88bef_next_dist_e00fd810._.js:2287
[ 1051538ms] [LOG] [Fast Refresh] rebuilding @ http://localhost:3000/_next/static/chunks/88bef_next_dist_e00fd810._.js:2287
[ 1051750ms] [LOG] [Fast Refresh] done in 303ms @ http://localhost:3000/_next/static/chunks/88bef_next_dist_e00fd810._.js:2287
[ 1087270ms] [LOG] [Fast Refresh] rebuilding @ http://localhost:3000/_next/static/chunks/88bef_next_dist_e00fd810._.js:2287
[ 1087369ms] [ERROR] ./Desktop/portfolio-mission-control/src/components/scene/SpaceExperience.jsx:17:1
Module not found: Can't resolve './AsteroidBelt'
  15 | import Rocket from './Rocket';
  16 | import LaunchSmoke from './LaunchSmoke';
> 17 | import AsteroidBelt from './AsteroidBelt';
     | ^^^^^^^^^^^^^^^^^^^^^^^^^^^^^^^^^^^^^^^^^^
  18 | import { useStore } from '@/lib/store';
  19 | import { scrollState } from '@/lib/scrollState';
  20 | import { HERO_END } from '@/lib/journey';

Import traces:
  Client Component Browser:
    ./Desktop/portfolio-mission-control/src/components/scene/SpaceExperience.jsx [Client Component Browser]
    ./Desktop/portfolio-mission-control/src/app/page.js [Client Component Browser]
    ./Desktop/portfolio-mission-control/src/app/page.js [Server Component]

  Client Component SSR:
    ./Desktop/portfolio-mission-control/src/components/scene/SpaceExperience.jsx [Client Component SSR]
    ./Desktop/portfolio-mission-control/src/app/page.js [Client Component SSR]
    ./Desktop/portfolio-mission-control/src/app/page.js [Server Component]

https://nextjs.org/docs/messages/module-not-found @ http://localhost:3000/_next/static/chunks/88bef_next_dist_e00fd810._.js:3117
[ 1092387ms] [LOG] [Fast Refresh] rebuilding @ http://localhost:3000/_next/static/chunks/88bef_next_dist_e00fd810._.js:2287
[ 1092469ms] [ERROR] ./Desktop/portfolio-mission-control/src/components/scene/SpaceExperience.jsx:17:1
Module not found: Can't resolve './AsteroidBelt'
  15 | import Rocket from './Rocket';
  16 | import LaunchSmoke from './LaunchSmoke';
> 17 | import AsteroidBelt from './AsteroidBelt';
     | ^^^^^^^^^^^^^^^^^^^^^^^^^^^^^^^^^^^^^^^^^^
  18 | import { useStore } from '@/lib/store';
  19 | import { scrollState } from '@/lib/scrollState';
  20 | import { HERO_END } from '@/lib/journey';

Import traces:
  Client Component Browser:
    ./Desktop/portfolio-mission-control/src/components/scene/SpaceExperience.jsx [Client Component Browser]
    ./Desktop/portfolio-mission-control/src/app/page.js [Client Component Browser]
    ./Desktop/portfolio-mission-control/src/app/page.js [Server Component]

  Client Component SSR:
    ./Desktop/portfolio-mission-control/src/components/scene/SpaceExperience.jsx [Client Component SSR]
    ./Desktop/portfolio-mission-control/src/app/page.js [Client Component SSR]
    ./Desktop/portfolio-mission-control/src/app/page.js [Server Component]

https://nextjs.org/docs/messages/module-not-found @ http://localhost:3000/_next/static/chunks/88bef_next_dist_e00fd810._.js:3117
[ 1134307ms] [LOG] [Fast Refresh] rebuilding @ http://localhost:3000/_next/static/chunks/88bef_next_dist_e00fd810._.js:2287
[ 1134780ms] [ERROR] A props object containing a "key" prop is being spread into JSX:
  let props = %s;
  <%s {...props} />
React keys must be passed directly to JSX without using spread:
  let props = %s;
  <%s key={someKey} {...props} /> {key: someKey, pos: ..., scale: ..., rot: ..., spin: ...} Rock {pos: ..., scale: ..., rot: ..., spin: ...} Rock @ http://localhost:3000/_next/static/chunks/88bef_next_dist_e00fd810._.js:3117
[ 1134792ms] [WARNING] THREE.Texture: Unable to serialize Texture. @ http://localhost:3000/_next/static/chunks/88bef_next_dist_e00fd810._.js:2287
[ 1134794ms] [WARNING] THREE.Texture: Unable to serialize Texture. @ http://localhost:3000/_next/static/chunks/88bef_next_dist_e00fd810._.js:2287
[ 1134794ms] [WARNING] THREE.Texture: Unable to serialize Texture. @ http://localhost:3000/_next/static/chunks/88bef_next_dist_e00fd810._.js:2287
[ 1134794ms] [WARNING] THREE.Texture: Unable to serialize Texture. @ http://localhost:3000/_next/static/chunks/88bef_next_dist_e00fd810._.js:2287
[ 1134795ms] [WARNING] THREE.Texture: Unable to serialize Texture. @ http://localhost:3000/_next/static/chunks/88bef_next_dist_e00fd810._.js:2287
[ 1134795ms] [WARNING] THREE.Texture: Unable to serialize Texture. @ http://localhost:3000/_next/static/chunks/88bef_next_dist_e00fd810._.js:2287
[ 1134795ms] [WARNING] THREE.Texture: Unable to serialize Texture. @ http://localhost:3000/_next/static/chunks/88bef_next_dist_e00fd810._.js:2287
[ 1134795ms] [WARNING] THREE.Texture: Unable to serialize Texture. @ http://localhost:3000/_next/static/chunks/88bef_next_dist_e00fd810._.js:2287
[ 1134795ms] [WARNING] THREE.Texture: Unable to serialize Texture. @ http://localhost:3000/_next/static/chunks/88bef_next_dist_e00fd810._.js:2287
[ 1134795ms] [WARNING] THREE.Texture: Unable to serialize Texture. @ http://localhost:3000/_next/static/chunks/88bef_next_dist_e00fd810._.js:2287
[ 1134795ms] [WARNING] THREE.Texture: Unable to serialize Texture. @ http://localhost:3000/_next/static/chunks/88bef_next_dist_e00fd810._.js:2287
[ 1134795ms] [WARNING] THREE.Texture: Unable to serialize Texture. @ http://localhost:3000/_next/static/chunks/88bef_next_dist_e00fd810._.js:2287
[ 1134795ms] [WARNING] THREE.Texture: Unable to serialize Texture. @ http://localhost:3000/_next/static/chunks/88bef_next_dist_e00fd810._.js:2287
[ 1134795ms] [WARNING] THREE.Texture: Unable to serialize Texture. @ http://localhost:3000/_next/static/chunks/88bef_next_dist_e00fd810._.js:2287
[ 1134795ms] [WARNING] THREE.Texture: Unable to serialize Texture. @ http://localhost:3000/_next/static/chunks/88bef_next_dist_e00fd810._.js:2287
[ 1134795ms] [WARNING] THREE.Texture: Unable to serialize Texture. @ http://localhost:3000/_next/static/chunks/88bef_next_dist_e00fd810._.js:2287
[ 1134795ms] [WARNING] THREE.Texture: Unable to serialize Texture. @ http://localhost:3000/_next/static/chunks/88bef_next_dist_e00fd810._.js:2287
[ 1134795ms] [WARNING] THREE.Texture: Unable to serialize Texture. @ http://localhost:3000/_next/static/chunks/88bef_next_dist_e00fd810._.js:2287
[ 1134795ms] [WARNING] THREE.Texture: Unable to serialize Texture. @ http://localhost:3000/_next/static/chunks/88bef_next_dist_e00fd810._.js:2287
[ 1134796ms] [WARNING] THREE.Texture: Unable to serialize Texture. @ http://localhost:3000/_next/static/chunks/88bef_next_dist_e00fd810._.js:2287
[ 1134796ms] [WARNING] THREE.Texture: Unable to serialize Texture. @ http://localhost:3000/_next/static/chunks/88bef_next_dist_e00fd810._.js:2287
[ 1134796ms] [WARNING] THREE.Texture: Unable to serialize Texture. @ http://localhost:3000/_next/static/chunks/88bef_next_dist_e00fd810._.js:2287
[ 1134796ms] [WARNING] THREE.Texture: Unable to serialize Texture. @ http://localhost:3000/_next/static/chunks/88bef_next_dist_e00fd810._.js:2287
[ 1134796ms] [WARNING] THREE.Texture: Unable to serialize Texture. @ http://localhost:3000/_next/static/chunks/88bef_next_dist_e00fd810._.js:2287
[ 1134796ms] [WARNING] THREE.Texture: Unable to serialize Texture. @ http://localhost:3000/_next/static/chunks/88bef_next_dist_e00fd810._.js:2287
[ 1134796ms] [WARNING] THREE.Texture: Unable to serialize Texture. @ http://localhost:3000/_next/static/chunks/88bef_next_dist_e00fd810._.js:2287
[ 1134796ms] [WARNING] THREE.Texture: Unable to serialize Texture. @ http://localhost:3000/_next/static/chunks/88bef_next_dist_e00fd810._.js:2287
[ 1134796ms] [WARNING] THREE.Texture: Unable to serialize Texture. @ http://localhost:3000/_next/static/chunks/88bef_next_dist_e00fd810._.js:2287
[ 1134796ms] [WARNING] THREE.Texture: Unable to serialize Texture. @ http://localhost:3000/_next/static/chunks/88bef_next_dist_e00fd810._.js:2287
[ 1134808ms] [WARNING] THREE.Texture: Unable to serialize Texture. @ http://localhost:3000/_next/static/chunks/88bef_next_dist_e00fd810._.js:2287
[ 1134808ms] [WARNING] THREE.Texture: Unable to serialize Texture. @ http://localhost:3000/_next/static/chunks/88bef_next_dist_e00fd810._.js:2287
[ 1134808ms] [WARNING] THREE.Texture: Unable to serialize Texture. @ http://localhost:3000/_next/static/chunks/88bef_next_dist_e00fd810._.js:2287
[ 1134808ms] [WARNING] THREE.Texture: Unable to serialize Texture. @ http://localhost:3000/_next/static/chunks/88bef_next_dist_e00fd810._.js:2287
[ 1134809ms] [WARNING] THREE.Texture: Unable to serialize Texture. @ http://localhost:3000/_next/static/chunks/88bef_next_dist_e00fd810._.js:2287
[ 1134809ms] [WARNING] THREE.Texture: Unable to serialize Texture. @ http://localhost:3000/_next/static/chunks/88bef_next_dist_e00fd810._.js:2287
[ 1134809ms] [WARNING] THREE.Texture: Unable to serialize Texture. @ http://localhost:3000/_next/static/chunks/88bef_next_dist_e00fd810._.js:2287
[ 1134809ms] [WARNING] THREE.Texture: Unable to serialize Texture. @ http://localhost:3000/_next/static/chunks/88bef_next_dist_e00fd810._.js:2287
[ 1134809ms] [WARNING] THREE.Texture: Unable to serialize Texture. @ http://localhost:3000/_next/static/chunks/88bef_next_dist_e00fd810._.js:2287
[ 1134809ms] [WARNING] THREE.Texture: Unable to serialize Texture. @ http://localhost:3000/_next/static/chunks/88bef_next_dist_e00fd810._.js:2287
[ 1134809ms] [WARNING] THREE.Texture: Unable to serialize Texture. @ http://localhost:3000/_next/static/chunks/88bef_next_dist_e00fd810._.js:2287
[ 1134809ms] [WARNING] THREE.Texture: Unable to serialize Texture. @ http://localhost:3000/_next/static/chunks/88bef_next_dist_e00fd810._.js:2287
[ 1134809ms] [WARNING] THREE.Texture: Unable to serialize Texture. @ http://localhost:3000/_next/static/chunks/88bef_next_dist_e00fd810._.js:2287
[ 1134809ms] [WARNING] THREE.Texture: Unable to serialize Texture. @ http://localhost:3000/_next/static/chunks/88bef_next_dist_e00fd810._.js:2287
[ 1134809ms] [WARNING] THREE.Texture: Unable to serialize Texture. @ http://localhost:3000/_next/static/chunks/88bef_next_dist_e00fd810._.js:2287
[ 1134809ms] [WARNING] THREE.Texture: Unable to serialize Texture. @ http://localhost:3000/_next/static/chunks/88bef_next_dist_e00fd810._.js:2287
[ 1134809ms] [WARNING] THREE.Texture: Unable to serialize Texture. @ http://localhost:3000/_next/static/chunks/88bef_next_dist_e00fd810._.js:2287
[ 1134809ms] [WARNING] THREE.Texture: Unable to serialize Texture. @ http://localhost:3000/_next/static/chunks/88bef_next_dist_e00fd810._.js:2287
[ 1134809ms] [WARNING] THREE.Texture: Unable to serialize Texture. @ http://localhost:3000/_next/static/chunks/88bef_next_dist_e00fd810._.js:2287
[ 1134809ms] [WARNING] THREE.Texture: Unable to serialize Texture. @ http://localhost:3000/_next/static/chunks/88bef_next_dist_e00fd810._.js:2287
[ 1134809ms] [WARNING] THREE.Texture: Unable to serialize Texture. @ http://localhost:3000/_next/static/chunks/88bef_next_dist_e00fd810._.js:2287
[ 1134809ms] [WARNING] THREE.Texture: Unable to serialize Texture. @ http://localhost:3000/_next/static/chunks/88bef_next_dist_e00fd810._.js:2287
[ 1134810ms] [WARNING] THREE.Texture: Unable to serialize Texture. @ http://localhost:3000/_next/static/chunks/88bef_next_dist_e00fd810._.js:2287
[ 1134810ms] [WARNING] THREE.Texture: Unable to serialize Texture. @ http://localhost:3000/_next/static/chunks/88bef_next_dist_e00fd810._.js:2287
[ 1134810ms] [WARNING] THREE.Texture: Unable to serialize Texture. @ http://localhost:3000/_next/static/chunks/88bef_next_dist_e00fd810._.js:2287
[ 1134810ms] [WARNING] THREE.Texture: Unable to serialize Texture. @ http://localhost:3000/_next/static/chunks/88bef_next_dist_e00fd810._.js:2287
[ 1134810ms] [WARNING] THREE.Texture: Unable to serialize Texture. @ http://localhost:3000/_next/static/chunks/88bef_next_dist_e00fd810._.js:2287
[ 1134810ms] [WARNING] THREE.Texture: Unable to serialize Texture. @ http://localhost:3000/_next/static/chunks/88bef_next_dist_e00fd810._.js:2287
[ 1134810ms] [WARNING] THREE.Texture: Unable to serialize Texture. @ http://localhost:3000/_next/static/chunks/88bef_next_dist_e00fd810._.js:2287
[ 1134823ms] TypeError: Converting circular structure to JSON
    --> starting at object with constructor 'Object'
    |     property 'children' -> object with constructor 'Array'
    |     index 0 -> object with constructor 'Object'
    --- property 'parent' closes the circle
    at JSON.stringify (<anonymous>)
    at http://localhost:3000/_next/static/chunks/88bef_e9949aa0._.js:3253:18
    at react-stack-bottom-frame (http://localhost:3000/_next/static/chunks/88bef_react-reconciler_c3ba74b2._.js:7165:24)
    at renderWithHooks (http://localhost:3000/_next/static/chunks/88bef_react-reconciler_c3ba74b2._.js:2233:24)
    at updateFunctionComponent (http://localhost:3000/_next/static/chunks/88bef_react-reconciler_c3ba74b2._.js:3497:21)
    at beginWork (http://localhost:3000/_next/static/chunks/88bef_react-reconciler_c3ba74b2._.js:4089:24)
    at runWithFiberInDEV (http://localhost:3000/_next/static/chunks/88bef_react-reconciler_c3ba74b2._.js:428:20)
    at performUnitOfWork (http://localhost:3000/_next/static/chunks/88bef_react-reconciler_c3ba74b2._.js:6346:87)
    at workLoopSync (http://localhost:3000/_next/static/chunks/88bef_react-reconciler_c3ba74b2._.js:6239:40)
    at renderRootSync (http://localhost:3000/_next/static/chunks/88bef_react-reconciler_c3ba74b2._.js:6222:13)
    at performWorkOnRoot (http://localhost:3000/_next/static/chunks/88bef_react-reconciler_c3ba74b2._.js:5982:56)
    at performWorkOnRootViaSchedulerTask (http://localhost:3000/_next/static/chunks/88bef_react-reconciler_c3ba74b2._.js:1385:9)
    at MessagePort.performWorkUntilDeadline (http://localhost:3000/_next/static/chunks/88bef_e9949aa0._.js:2171:64)
[ 1134823ms] [LOG] [Fast Refresh] done in 532ms @ http://localhost:3000/_next/static/chunks/88bef_next_dist_e00fd810._.js:2287
[ 1134934ms] TypeError: Converting circular structure to JSON
    --> starting at object with constructor 'Object'
    |     property 'children' -> object with constructor 'Array'
    |     index 0 -> object with constructor 'Object'
    --- property 'parent' closes the circle
    at JSON.stringify (<anonymous>)
    at http://localhost:3000/_next/static/chunks/88bef_e9949aa0._.js:3253:18
    at react-stack-bottom-frame (http://localhost:3000/_next/static/chunks/88bef_react-reconciler_c3ba74b2._.js:7165:24)
    at renderWithHooks (http://localhost:3000/_next/static/chunks/88bef_react-reconciler_c3ba74b2._.js:2233:24)
    at updateFunctionComponent (http://localhost:3000/_next/static/chunks/88bef_react-reconciler_c3ba74b2._.js:3497:21)
    at beginWork (http://localhost:3000/_next/static/chunks/88bef_react-reconciler_c3ba74b2._.js:4089:24)
    at runWithFiberInDEV (http://localhost:3000/_next/static/chunks/88bef_react-reconciler_c3ba74b2._.js:428:20)
    at performUnitOfWork (http://localhost:3000/_next/static/chunks/88bef_react-reconciler_c3ba74b2._.js:6346:87)
    at workLoopSync (http://localhost:3000/_next/static/chunks/88bef_react-reconciler_c3ba74b2._.js:6239:40)
    at renderRootSync (http://localhost:3000/_next/static/chunks/88bef_react-reconciler_c3ba74b2._.js:6222:13)
    at performWorkOnRoot (http://localhost:3000/_next/static/chunks/88bef_react-reconciler_c3ba74b2._.js:5982:56)
    at performWorkOnRootViaSchedulerTask (http://localhost:3000/_next/static/chunks/88bef_react-reconciler_c3ba74b2._.js:1385:9)
    at MessagePort.performWorkUntilDeadline (http://localhost:3000/_next/static/chunks/88bef_e9949aa0._.js:2171:64)
[ 1134925ms] [LOG] [Fast Refresh] rebuilding @ http://localhost:3000/_next/static/chunks/88bef_next_dist_e00fd810._.js:2287
[ 1135110ms] [LOG] [Fast Refresh] done in 287ms @ http://localhost:3000/_next/static/chunks/88bef_next_dist_e00fd810._.js:2287
[ 1136063ms] [LOG] THREE.WebGLRenderer: Context Lost. @ http://localhost:3000/_next/static/chunks/88bef_next_dist_e00fd810._.js:2287
[ 1182580ms] [LOG] [Fast Refresh] rebuilding @ http://localhost:3000/_next/static/chunks/88bef_next_dist_e00fd810._.js:2287
[ 1182632ms] [WARNING] [Fast Refresh] performing full reload because your application had an unrecoverable error @ http://localhost:3000/_next/static/chunks/88bef_next_dist_e00fd810._.js:2287
[ 1182691ms] [LOG] [Fast Refresh] done in 114ms @ http://localhost:3000/_next/static/chunks/88bef_next_dist_e00fd810._.js:2287
[ 1183151ms] [INFO] %cDownload the React DevTools for a better development experience: https://react.dev/link/react-devtools font-weight:bold @ http://localhost:3000/_next/static/chunks/88bef_next_dist_e00fd810._.js:2287
[ 1183201ms] [LOG] [HMR] connected @ http://localhost:3000/_next/static/chunks/88bef_next_dist_e00fd810._.js:2287
[ 1183566ms] [ERROR] A props object containing a "key" prop is being spread into JSX:
  let props = %s;
  <%s {...props} />
React keys must be passed directly to JSX without using spread:
  let props = %s;
  <%s key={someKey} {...props} /> {key: someKey, pos: ..., scale: ..., rot: ..., spin: ...} Rock {pos: ..., scale: ..., rot: ..., spin: ...} Rock @ http://localhost:3000/_next/static/chunks/88bef_next_dist_e00fd810._.js:3117
[ 1188862ms] [LOG] [Fast Refresh] rebuilding @ http://localhost:3000/_next/static/chunks/88bef_next_dist_e00fd810._.js:2287
[ 1188993ms] ReferenceError: HeroOverlay is not defined
    at Home (http://localhost:3000/_next/static/chunks/Desktop_portfolio-mission-control_src_981cda02._.js?id=%255Bproject%255D%252FDesktop%252Fportfolio-mission-control%252Fsrc%252Fapp%252Fpage.js+%255Bapp-client%255D+%2528ecmascript%2529:103:262)
    at Object.react_stack_bottom_frame (http://localhost:3000/_next/static/chunks/88bef_next_dist_compiled_react-dom_7198a0fd._.js:14816:24)
    at renderWithHooks (http://localhost:3000/_next/static/chunks/88bef_next_dist_compiled_react-dom_7198a0fd._.js:4645:24)
    at updateFunctionComponent (http://localhost:3000/_next/static/chunks/88bef_next_dist_compiled_react-dom_7198a0fd._.js:6106:21)
    at beginWork (http://localhost:3000/_next/static/chunks/88bef_next_dist_compiled_react-dom_7198a0fd._.js:6702:24)
    at runWithFiberInDEV (http://localhost:3000/_next/static/chunks/88bef_next_dist_compiled_react-dom_7198a0fd._.js:959:74)
    at performUnitOfWork (http://localhost:3000/_next/static/chunks/88bef_next_dist_compiled_react-dom_7198a0fd._.js:9556:97)
    at workLoopSync (http://localhost:3000/_next/static/chunks/88bef_next_dist_compiled_react-dom_7198a0fd._.js:9450:40)
    at renderRootSync (http://localhost:3000/_next/static/chunks/88bef_next_dist_compiled_react-dom_7198a0fd._.js:9434:13)
    at performWorkOnRoot (http://localhost:3000/_next/static/chunks/88bef_next_dist_compiled_react-dom_7198a0fd._.js:9062:186)
    at performSyncWorkOnRoot (http://localhost:3000/_next/static/chunks/88bef_next_dist_compiled_react-dom_7198a0fd._.js:10232:9)
    at flushSyncWorkAcrossRoots_impl (http://localhost:3000/_next/static/chunks/88bef_next_dist_compiled_react-dom_7198a0fd._.js:10148:316)
    at flushSyncWork$1 (http://localhost:3000/_next/static/chunks/88bef_next_dist_compiled_react-dom_7198a0fd._.js:9231:86)
    at Object.scheduleRefresh (http://localhost:3000/_next/static/chunks/88bef_next_dist_compiled_react-dom_7198a0fd._.js:294:13)
    at http://localhost:3000/_next/static/chunks/88bef_next_dist_compiled_4ca8d447._.js:391:33
    at Set.forEach (<anonymous>)
    at Object.performReactRefresh (http://localhost:3000/_next/static/chunks/88bef_next_dist_compiled_4ca8d447._.js:384:38)
    at applyUpdate (http://localhost:3000/_next/static/chunks/88bef_next_dist_compiled_4ca8d447._.js:878:31)
    at http://localhost:3000/_next/static/chunks/88bef_next_dist_compiled_4ca8d447._.js:886:13
[ 1189101ms] [LOG] [Fast Refresh] done in 215ms @ http://localhost:3000/_next/static/chunks/88bef_next_dist_e00fd810._.js:2287
[ 1189204ms] [LOG] [Fast Refresh] rebuilding @ http://localhost:3000/_next/static/chunks/88bef_next_dist_e00fd810._.js:2287
[ 1189208ms] [LOG] [Fast Refresh] done in 104ms @ http://localhost:3000/_next/static/chunks/88bef_next_dist_e00fd810._.js:2287
[ 1189500ms] [LOG] THREE.WebGLRenderer: Context Lost. @ http://localhost:3000/_next/static/chunks/88bef_next_dist_e00fd810._.js:2287
[ 1194486ms] [LOG] [Fast Refresh] rebuilding @ http://localhost:3000/_next/static/chunks/88bef_next_dist_e00fd810._.js:2287
[ 1194513ms] [WARNING] [Fast Refresh] performing full reload because your application had an unrecoverable error @ http://localhost:3000/_next/static/chunks/88bef_next_dist_e00fd810._.js:2287
[ 1194547ms] [LOG] [Fast Refresh] done in 126ms @ http://localhost:3000/_next/static/chunks/88bef_next_dist_e00fd810._.js:2287
[ 1194728ms] [LOG] [Fast Refresh] rebuilding @ http://localhost:3000/_next/static/chunks/88bef_next_dist_e00fd810._.js:2287
[ 1194729ms] [LOG] [Fast Refresh] done in 181ms @ http://localhost:3000/_next/static/chunks/88bef_next_dist_e00fd810._.js:2287
[ 1195180ms] [INFO] %cDownload the React DevTools for a better development experience: https://react.dev/link/react-devtools font-weight:bold @ http://localhost:3000/_next/static/chunks/88bef_next_dist_e00fd810._.js:2287
[ 1195192ms] [LOG] [HMR] connected @ http://localhost:3000/_next/static/chunks/88bef_next_dist_e00fd810._.js:2287
[ 1195402ms] [ERROR] A props object containing a "key" prop is being spread into JSX:
  let props = %s;
  <%s {...props} />
React keys must be passed directly to JSX without using spread:
  let props = %s;
  <%s key={someKey} {...props} /> {key: someKey, pos: ..., scale: ..., rot: ..., spin: ...} Rock {pos: ..., scale: ..., rot: ..., spin: ...} Rock @ http://localhost:3000/_next/static/chunks/88bef_next_dist_e00fd810._.js:3117
[ 3045839ms] [LOG] [Fast Refresh] rebuilding @ http://localhost:3000/_next/static/chunks/88bef_next_dist_e00fd810._.js:2287
[ 3045938ms] [LOG] [Fast Refresh] done in 203ms @ http://localhost:3000/_next/static/chunks/88bef_next_dist_e00fd810._.js:2287
[ 3046196ms] [INFO] %cDownload the React DevTools for a better development experience: https://react.dev/link/react-devtools font-weight:bold @ http://localhost:3000/_next/static/chunks/88bef_next_dist_e00fd810._.js:2287
[ 3046307ms] [LOG] [HMR] connected @ http://localhost:3000/_next/static/chunks/88bef_next_dist_e00fd810._.js:2287
[ 3046499ms] [ERROR] A props object containing a "key" prop is being spread into JSX:
  let props = %s;
  <%s {...props} />
React keys must be passed directly to JSX without using spread:
  let props = %s;
  <%s key={someKey} {...props} /> {key: someKey, pos: ..., scale: ..., rot: ..., spin: ...} Rock {pos: ..., scale: ..., rot: ..., spin: ...} Rock @ http://localhost:3000/_next/static/chunks/88bef_next_dist_e00fd810._.js:3117
[ 3098355ms] [INFO] %cDownload the React DevTools for a better development experience: https://react.dev/link/react-devtools font-weight:bold @ http://localhost:3000/_next/static/chunks/88bef_next_dist_e00fd810._.js:2287
[ 3098410ms] [LOG] [HMR] connected @ http://localhost:3000/_next/static/chunks/88bef_next_dist_e00fd810._.js:2287
[ 3098662ms] [ERROR] A props object containing a "key" prop is being spread into JSX:
  let props = %s;
  <%s {...props} />
React keys must be passed directly to JSX without using spread:
  let props = %s;
  <%s key={someKey} {...props} /> {key: someKey, pos: ..., scale: ..., rot: ..., spin: ...} Rock {pos: ..., scale: ..., rot: ..., spin: ...} Rock @ http://localhost:3000/_next/static/chunks/88bef_next_dist_e00fd810._.js:3117
[ 3140682ms] [INFO] %cDownload the React DevTools for a better development experience: https://react.dev/link/react-devtools font-weight:bold @ http://localhost:3000/_next/static/chunks/88bef_next_dist_e00fd810._.js:2287
[ 3140694ms] [LOG] [HMR] connected @ http://localhost:3000/_next/static/chunks/88bef_next_dist_e00fd810._.js:2287
[ 3140876ms] [ERROR] A props object containing a "key" prop is being spread into JSX:
  let props = %s;
  <%s {...props} />
React keys must be passed directly to JSX without using spread:
  let props = %s;
  <%s key={someKey} {...props} /> {key: someKey, pos: ..., scale: ..., rot: ..., spin: ...} Rock {pos: ..., scale: ..., rot: ..., spin: ...} Rock @ http://localhost:3000/_next/static/chunks/88bef_next_dist_e00fd810._.js:3117
[ 3299825ms] [LOG] [Fast Refresh] rebuilding @ http://localhost:3000/_next/static/chunks/88bef_next_dist_e00fd810._.js:2287
[ 3300086ms] [LOG] [Fast Refresh] done in 339ms @ http://localhost:3000/_next/static/chunks/88bef_next_dist_e00fd810._.js:2287
[ 3306272ms] [LOG] [Fast Refresh] rebuilding @ http://localhost:3000/_next/static/chunks/88bef_next_dist_e00fd810._.js:2287
[ 3306295ms] [LOG] [Fast Refresh] done in 66ms @ http://localhost:3000/_next/static/chunks/88bef_next_dist_e00fd810._.js:2287
[ 3311692ms] [LOG] [Fast Refresh] rebuilding @ http://localhost:3000/_next/static/chunks/88bef_next_dist_e00fd810._.js:2287
[ 3311717ms] [LOG] [Fast Refresh] done in 75ms @ http://localhost:3000/_next/static/chunks/88bef_next_dist_e00fd810._.js:2287
[ 3513266ms] [LOG] [Fast Refresh] rebuilding @ http://localhost:3000/_next/static/chunks/88bef_next_dist_e00fd810._.js:2287
[ 3513387ms] [LOG] [Fast Refresh] done in 224ms @ http://localhost:3000/_next/static/chunks/88bef_next_dist_e00fd810._.js:2287
[ 3538324ms] [LOG] [Fast Refresh] rebuilding @ http://localhost:3000/_next/static/chunks/88bef_next_dist_e00fd810._.js:2287
[ 3538395ms] [LOG] [Fast Refresh] done in 131ms @ http://localhost:3000/_next/static/chunks/88bef_next_dist_e00fd810._.js:2287
[ 3547554ms] [LOG] [Fast Refresh] rebuilding @ http://localhost:3000/_next/static/chunks/88bef_next_dist_e00fd810._.js:2287
[ 3547793ms] [LOG] [Fast Refresh] done in 320ms @ http://localhost:3000/_next/static/chunks/88bef_next_dist_e00fd810._.js:2287
[ 3553566ms] [LOG] [Fast Refresh] rebuilding @ http://localhost:3000/_next/static/chunks/88bef_next_dist_e00fd810._.js:2287
[ 3553582ms] [LOG] [Fast Refresh] done in 53ms @ http://localhost:3000/_next/static/chunks/88bef_next_dist_e00fd810._.js:2287
[ 3591483ms] [LOG] [Fast Refresh] rebuilding @ http://localhost:3000/_next/static/chunks/88bef_next_dist_e00fd810._.js:2287
[ 3591577ms] [LOG] [Fast Refresh] done in 197ms @ http://localhost:3000/_next/static/chunks/88bef_next_dist_e00fd810._.js:2287
[ 3600437ms] [LOG] [Fast Refresh] rebuilding @ http://localhost:3000/_next/static/chunks/88bef_next_dist_e00fd810._.js:2287
[ 3600604ms] [WARNING] THREE.Texture: Unable to serialize Texture. @ http://localhost:3000/_next/static/chunks/88bef_next_dist_e00fd810._.js:2287
[ 3600605ms] [WARNING] THREE.Texture: Unable to serialize Texture. @ http://localhost:3000/_next/static/chunks/88bef_next_dist_e00fd810._.js:2287
[ 3600605ms] [WARNING] THREE.Texture: Unable to serialize Texture. @ http://localhost:3000/_next/static/chunks/88bef_next_dist_e00fd810._.js:2287
[ 3600607ms] [WARNING] THREE.Texture: Unable to serialize Texture. @ http://localhost:3000/_next/static/chunks/88bef_next_dist_e00fd810._.js:2287
[ 3600607ms] [WARNING] THREE.Texture: Unable to serialize Texture. @ http://localhost:3000/_next/static/chunks/88bef_next_dist_e00fd810._.js:2287
[ 3600607ms] [WARNING] THREE.Texture: Unable to serialize Texture. @ http://localhost:3000/_next/static/chunks/88bef_next_dist_e00fd810._.js:2287
[ 3600607ms] [WARNING] THREE.Texture: Unable to serialize Texture. @ http://localhost:3000/_next/static/chunks/88bef_next_dist_e00fd810._.js:2287
[ 3600607ms] [WARNING] THREE.Texture: Unable to serialize Texture. @ http://localhost:3000/_next/static/chunks/88bef_next_dist_e00fd810._.js:2287
[ 3600608ms] [WARNING] THREE.Texture: Unable to serialize Texture. @ http://localhost:3000/_next/static/chunks/88bef_next_dist_e00fd810._.js:2287
[ 3600608ms] [WARNING] THREE.Texture: Unable to serialize Texture. @ http://localhost:3000/_next/static/chunks/88bef_next_dist_e00fd810._.js:2287
[ 3600608ms] [WARNING] THREE.Texture: Unable to serialize Texture. @ http://localhost:3000/_next/static/chunks/88bef_next_dist_e00fd810._.js:2287
[ 3600609ms] [WARNING] THREE.Texture: Unable to serialize Texture. @ http://localhost:3000/_next/static/chunks/88bef_next_dist_e00fd810._.js:2287
[ 3600609ms] [WARNING] THREE.Texture: Unable to serialize Texture. @ http://localhost:3000/_next/static/chunks/88bef_next_dist_e00fd810._.js:2287
[ 3600611ms] [WARNING] THREE.Texture: Unable to serialize Texture. @ http://localhost:3000/_next/static/chunks/88bef_next_dist_e00fd810._.js:2287
[ 3600611ms] [WARNING] THREE.Texture: Unable to serialize Texture. @ http://localhost:3000/_next/static/chunks/88bef_next_dist_e00fd810._.js:2287
[ 3600611ms] [WARNING] THREE.Texture: Unable to serialize Texture. @ http://localhost:3000/_next/static/chunks/88bef_next_dist_e00fd810._.js:2287
[ 3600611ms] [WARNING] THREE.Texture: Unable to serialize Texture. @ http://localhost:3000/_next/static/chunks/88bef_next_dist_e00fd810._.js:2287
[ 3600611ms] [WARNING] THREE.Texture: Unable to serialize Texture. @ http://localhost:3000/_next/static/chunks/88bef_next_dist_e00fd810._.js:2287
[ 3600611ms] [WARNING] THREE.Texture: Unable to serialize Texture. @ http://localhost:3000/_next/static/chunks/88bef_next_dist_e00fd810._.js:2287
[ 3600611ms] [WARNING] THREE.Texture: Unable to serialize Texture. @ http://localhost:3000/_next/static/chunks/88bef_next_dist_e00fd810._.js:2287
[ 3600612ms] [WARNING] THREE.Texture: Unable to serialize Texture. @ http://localhost:3000/_next/static/chunks/88bef_next_dist_e00fd810._.js:2287
[ 3600612ms] [WARNING] THREE.Texture: Unable to serialize Texture. @ http://localhost:3000/_next/static/chunks/88bef_next_dist_e00fd810._.js:2287
[ 3600612ms] [WARNING] THREE.Texture: Unable to serialize Texture. @ http://localhost:3000/_next/static/chunks/88bef_next_dist_e00fd810._.js:2287
[ 3600612ms] [WARNING] THREE.Texture: Unable to serialize Texture. @ http://localhost:3000/_next/static/chunks/88bef_next_dist_e00fd810._.js:2287
[ 3600612ms] [WARNING] THREE.Texture: Unable to serialize Texture. @ http://localhost:3000/_next/static/chunks/88bef_next_dist_e00fd810._.js:2287
[ 3600612ms] [WARNING] THREE.Texture: Unable to serialize Texture. @ http://localhost:3000/_next/static/chunks/88bef_next_dist_e00fd810._.js:2287
[ 3600612ms] [WARNING] THREE.Texture: Unable to serialize Texture. @ http://localhost:3000/_next/static/chunks/88bef_next_dist_e00fd810._.js:2287
[ 3600613ms] [WARNING] THREE.Texture: Unable to serialize Texture. @ http://localhost:3000/_next/static/chunks/88bef_next_dist_e00fd810._.js:2287
[ 3600613ms] [WARNING] THREE.Texture: Unable to serialize Texture. @ http://localhost:3000/_next/static/chunks/88bef_next_dist_e00fd810._.js:2287
[ 3600630ms] [WARNING] THREE.Texture: Unable to serialize Texture. @ http://localhost:3000/_next/static/chunks/88bef_next_dist_e00fd810._.js:2287
[ 3600630ms] [WARNING] THREE.Texture: Unable to serialize Texture. @ http://localhost:3000/_next/static/chunks/88bef_next_dist_e00fd810._.js:2287
[ 3600630ms] [WARNING] THREE.Texture: Unable to serialize Texture. @ http://localhost:3000/_next/static/chunks/88bef_next_dist_e00fd810._.js:2287
[ 3600630ms] [WARNING] THREE.Texture: Unable to serialize Texture. @ http://localhost:3000/_next/static/chunks/88bef_next_dist_e00fd810._.js:2287
[ 3600630ms] [WARNING] THREE.Texture: Unable to serialize Texture. @ http://localhost:3000/_next/static/chunks/88bef_next_dist_e00fd810._.js:2287
[ 3600631ms] [WARNING] THREE.Texture: Unable to serialize Texture. @ http://localhost:3000/_next/static/chunks/88bef_next_dist_e00fd810._.js:2287
[ 3600631ms] [WARNING] THREE.Texture: Unable to serialize Texture. @ http://localhost:3000/_next/static/chunks/88bef_next_dist_e00fd810._.js:2287
[ 3600631ms] [WARNING] THREE.Texture: Unable to serialize Texture. @ http://localhost:3000/_next/static/chunks/88bef_next_dist_e00fd810._.js:2287
[ 3600631ms] [WARNING] THREE.Texture: Unable to serialize Texture. @ http://localhost:3000/_next/static/chunks/88bef_next_dist_e00fd810._.js:2287
[ 3600631ms] [WARNING] THREE.Texture: Unable to serialize Texture. @ http://localhost:3000/_next/static/chunks/88bef_next_dist_e00fd810._.js:2287
[ 3600631ms] [WARNING] THREE.Texture: Unable to serialize Texture. @ http://localhost:3000/_next/static/chunks/88bef_next_dist_e00fd810._.js:2287
[ 3600631ms] [WARNING] THREE.Texture: Unable to serialize Texture. @ http://localhost:3000/_next/static/chunks/88bef_next_dist_e00fd810._.js:2287
[ 3600631ms] [WARNING] THREE.Texture: Unable to serialize Texture. @ http://localhost:3000/_next/static/chunks/88bef_next_dist_e00fd810._.js:2287
[ 3600631ms] [WARNING] THREE.Texture: Unable to serialize Texture. @ http://localhost:3000/_next/static/chunks/88bef_next_dist_e00fd810._.js:2287
[ 3600631ms] [WARNING] THREE.Texture: Unable to serialize Texture. @ http://localhost:3000/_next/static/chunks/88bef_next_dist_e00fd810._.js:2287
[ 3600631ms] [WARNING] THREE.Texture: Unable to serialize Texture. @ http://localhost:3000/_next/static/chunks/88bef_next_dist_e00fd810._.js:2287
[ 3600631ms] [WARNING] THREE.Texture: Unable to serialize Texture. @ http://localhost:3000/_next/static/chunks/88bef_next_dist_e00fd810._.js:2287
[ 3600631ms] [WARNING] THREE.Texture: Unable to serialize Texture. @ http://localhost:3000/_next/static/chunks/88bef_next_dist_e00fd810._.js:2287
[ 3600631ms] [WARNING] THREE.Texture: Unable to serialize Texture. @ http://localhost:3000/_next/static/chunks/88bef_next_dist_e00fd810._.js:2287
[ 3600631ms] [WARNING] THREE.Texture: Unable to serialize Texture. @ http://localhost:3000/_next/static/chunks/88bef_next_dist_e00fd810._.js:2287
[ 3600631ms] [WARNING] THREE.Texture: Unable to serialize Texture. @ http://localhost:3000/_next/static/chunks/88bef_next_dist_e00fd810._.js:2287
[ 3600631ms] [WARNING] THREE.Texture: Unable to serialize Texture. @ http://localhost:3000/_next/static/chunks/88bef_next_dist_e00fd810._.js:2287
[ 3600631ms] [WARNING] THREE.Texture: Unable to serialize Texture. @ http://localhost:3000/_next/static/chunks/88bef_next_dist_e00fd810._.js:2287
[ 3600632ms] [WARNING] THREE.Texture: Unable to serialize Texture. @ http://localhost:3000/_next/static/chunks/88bef_next_dist_e00fd810._.js:2287
[ 3600632ms] [WARNING] THREE.Texture: Unable to serialize Texture. @ http://localhost:3000/_next/static/chunks/88bef_next_dist_e00fd810._.js:2287
[ 3600632ms] [WARNING] THREE.Texture: Unable to serialize Texture. @ http://localhost:3000/_next/static/chunks/88bef_next_dist_e00fd810._.js:2287
[ 3600632ms] [WARNING] THREE.Texture: Unable to serialize Texture. @ http://localhost:3000/_next/static/chunks/88bef_next_dist_e00fd810._.js:2287
[ 3600632ms] [WARNING] THREE.Texture: Unable to serialize Texture. @ http://localhost:3000/_next/static/chunks/88bef_next_dist_e00fd810._.js:2287
[ 3600632ms] [WARNING] THREE.Texture: Unable to serialize Texture. @ http://localhost:3000/_next/static/chunks/88bef_next_dist_e00fd810._.js:2287
[ 3600663ms] TypeError: Converting circular structure to JSON
    --> starting at object with constructor 'Object'
    |     property 'children' -> object with constructor 'Array'
    |     index 0 -> object with constructor 'Object'
    --- property 'parent' closes the circle
    at JSON.stringify (<anonymous>)
    at http://localhost:3000/_next/static/chunks/88bef_8668f7a0._.js:3253:18
    at react-stack-bottom-frame (http://localhost:3000/_next/static/chunks/88bef_react-reconciler_c3ba74b2._.js:7165:24)
    at renderWithHooks (http://localhost:3000/_next/static/chunks/88bef_react-reconciler_c3ba74b2._.js:2233:24)
    at updateFunctionComponent (http://localhost:3000/_next/static/chunks/88bef_react-reconciler_c3ba74b2._.js:3497:21)
    at beginWork (http://localhost:3000/_next/static/chunks/88bef_react-reconciler_c3ba74b2._.js:4089:24)
    at runWithFiberInDEV (http://localhost:3000/_next/static/chunks/88bef_react-reconciler_c3ba74b2._.js:428:20)
    at performUnitOfWork (http://localhost:3000/_next/static/chunks/88bef_react-reconciler_c3ba74b2._.js:6346:87)
    at workLoopSync (http://localhost:3000/_next/static/chunks/88bef_react-reconciler_c3ba74b2._.js:6239:40)
    at renderRootSync (http://localhost:3000/_next/static/chunks/88bef_react-reconciler_c3ba74b2._.js:6222:13)
    at performWorkOnRoot (http://localhost:3000/_next/static/chunks/88bef_react-reconciler_c3ba74b2._.js:5982:56)
    at performWorkOnRootViaSchedulerTask (http://localhost:3000/_next/static/chunks/88bef_react-reconciler_c3ba74b2._.js:1385:9)
    at MessagePort.performWorkUntilDeadline (http://localhost:3000/_next/static/chunks/88bef_8668f7a0._.js:2171:64)
[ 3600647ms] [LOG] [Fast Refresh] done in 227ms @ http://localhost:3000/_next/static/chunks/88bef_next_dist_e00fd810._.js:2287
[ 3600896ms] TypeError: Converting circular structure to JSON
    --> starting at object with constructor 'Object'
    |     property 'children' -> object with constructor 'Array'
    |     index 0 -> object with constructor 'Object'
    --- property 'parent' closes the circle
    at JSON.stringify (<anonymous>)
    at http://localhost:3000/_next/static/chunks/88bef_8668f7a0._.js:3253:18
    at react-stack-bottom-frame (http://localhost:3000/_next/static/chunks/88bef_react-reconciler_c3ba74b2._.js:7165:24)
    at renderWithHooks (http://localhost:3000/_next/static/chunks/88bef_react-reconciler_c3ba74b2._.js:2233:24)
    at updateFunctionComponent (http://localhost:3000/_next/static/chunks/88bef_react-reconciler_c3ba74b2._.js:3497:21)
    at beginWork (http://localhost:3000/_next/static/chunks/88bef_react-reconciler_c3ba74b2._.js:4089:24)
    at runWithFiberInDEV (http://localhost:3000/_next/static/chunks/88bef_react-reconciler_c3ba74b2._.js:428:20)
    at performUnitOfWork (http://localhost:3000/_next/static/chunks/88bef_react-reconciler_c3ba74b2._.js:6346:87)
    at workLoopSync (http://localhost:3000/_next/static/chunks/88bef_react-reconciler_c3ba74b2._.js:6239:40)
    at renderRootSync (http://localhost:3000/_next/static/chunks/88bef_react-reconciler_c3ba74b2._.js:6222:13)
    at performWorkOnRoot (http://localhost:3000/_next/static/chunks/88bef_react-reconciler_c3ba74b2._.js:5982:56)
    at performWorkOnRootViaSchedulerTask (http://localhost:3000/_next/static/chunks/88bef_react-reconciler_c3ba74b2._.js:1385:9)
    at MessagePort.performWorkUntilDeadline (http://localhost:3000/_next/static/chunks/88bef_8668f7a0._.js:2171:64)
[ 3601454ms] [LOG] THREE.WebGLRenderer: Context Lost. @ http://localhost:3000/_next/static/chunks/88bef_next_dist_e00fd810._.js:2287
[ 3612057ms] [LOG] [Fast Refresh] rebuilding @ http://localhost:3000/_next/static/chunks/88bef_next_dist_e00fd810._.js:2287
[ 3612068ms] [WARNING] [Fast Refresh] performing full reload because your application had an unrecoverable error @ http://localhost:3000/_next/static/chunks/88bef_next_dist_e00fd810._.js:2287
[ 3612154ms] [LOG] [Fast Refresh] done in 110ms @ http://localhost:3000/_next/static/chunks/88bef_next_dist_e00fd810._.js:2287
[ 3613252ms] [INFO] %cDownload the React DevTools for a better development experience: https://react.dev/link/react-devtools font-weight:bold @ http://localhost:3000/_next/static/chunks/88bef_next_dist_e00fd810._.js:2287
[ 3613291ms] [LOG] [HMR] connected @ http://localhost:3000/_next/static/chunks/88bef_next_dist_e00fd810._.js:2287
[ 3613434ms] [ERROR] A props object containing a "key" prop is being spread into JSX:
  let props = %s;
  <%s {...props} />
React keys must be passed directly to JSX without using spread:
  let props = %s;
  <%s key={someKey} {...props} /> {key: someKey, pos: ..., scale: ..., rot: ..., spin: ...} Rock {pos: ..., scale: ..., rot: ..., spin: ...} Rock @ http://localhost:3000/_next/static/chunks/88bef_next_dist_e00fd810._.js:3117
[ 3619813ms] [LOG] [Fast Refresh] rebuilding @ http://localhost:3000/_next/static/chunks/88bef_next_dist_e00fd810._.js:2287
[ 3619852ms] [WARNING] THREE.Texture: Unable to serialize Texture. @ http://localhost:3000/_next/static/chunks/88bef_next_dist_e00fd810._.js:2287
[ 3619853ms] [WARNING] THREE.Texture: Unable to serialize Texture. @ http://localhost:3000/_next/static/chunks/88bef_next_dist_e00fd810._.js:2287
[ 3619853ms] [WARNING] THREE.Texture: Unable to serialize Texture. @ http://localhost:3000/_next/static/chunks/88bef_next_dist_e00fd810._.js:2287
[ 3619853ms] [WARNING] THREE.Texture: Unable to serialize Texture. @ http://localhost:3000/_next/static/chunks/88bef_next_dist_e00fd810._.js:2287
[ 3619853ms] [WARNING] THREE.Texture: Unable to serialize Texture. @ http://localhost:3000/_next/static/chunks/88bef_next_dist_e00fd810._.js:2287
[ 3619853ms] [WARNING] THREE.Texture: Unable to serialize Texture. @ http://localhost:3000/_next/static/chunks/88bef_next_dist_e00fd810._.js:2287
[ 3619853ms] [WARNING] THREE.Texture: Unable to serialize Texture. @ http://localhost:3000/_next/static/chunks/88bef_next_dist_e00fd810._.js:2287
[ 3619853ms] [WARNING] THREE.Texture: Unable to serialize Texture. @ http://localhost:3000/_next/static/chunks/88bef_next_dist_e00fd810._.js:2287
[ 3619854ms] [WARNING] THREE.Texture: Unable to serialize Texture. @ http://localhost:3000/_next/static/chunks/88bef_next_dist_e00fd810._.js:2287
[ 3619854ms] [WARNING] THREE.Texture: Unable to serialize Texture. @ http://localhost:3000/_next/static/chunks/88bef_next_dist_e00fd810._.js:2287
[ 3619854ms] [WARNING] THREE.Texture: Unable to serialize Texture. @ http://localhost:3000/_next/static/chunks/88bef_next_dist_e00fd810._.js:2287
[ 3619854ms] [WARNING] THREE.Texture: Unable to serialize Texture. @ http://localhost:3000/_next/static/chunks/88bef_next_dist_e00fd810._.js:2287
[ 3619854ms] [WARNING] THREE.Texture: Unable to serialize Texture. @ http://localhost:3000/_next/static/chunks/88bef_next_dist_e00fd810._.js:2287
[ 3619854ms] [WARNING] THREE.Texture: Unable to serialize Texture. @ http://localhost:3000/_next/static/chunks/88bef_next_dist_e00fd810._.js:2287
[ 3619854ms] [WARNING] THREE.Texture: Unable to serialize Texture. @ http://localhost:3000/_next/static/chunks/88bef_next_dist_e00fd810._.js:2287
[ 3619854ms] [WARNING] THREE.Texture: Unable to serialize Texture. @ http://localhost:3000/_next/static/chunks/88bef_next_dist_e00fd810._.js:2287
[ 3619854ms] [WARNING] THREE.Texture: Unable to serialize Texture. @ http://localhost:3000/_next/static/chunks/88bef_next_dist_e00fd810._.js:2287
[ 3619854ms] [WARNING] THREE.Texture: Unable to serialize Texture. @ http://localhost:3000/_next/static/chunks/88bef_next_dist_e00fd810._.js:2287
[ 3619854ms] [WARNING] THREE.Texture: Unable to serialize Texture. @ http://localhost:3000/_next/static/chunks/88bef_next_dist_e00fd810._.js:2287
[ 3619854ms] [WARNING] THREE.Texture: Unable to serialize Texture. @ http://localhost:3000/_next/static/chunks/88bef_next_dist_e00fd810._.js:2287
[ 3619854ms] [WARNING] THREE.Texture: Unable to serialize Texture. @ http://localhost:3000/_next/static/chunks/88bef_next_dist_e00fd810._.js:2287
[ 3619854ms] [WARNING] THREE.Texture: Unable to serialize Texture. @ http://localhost:3000/_next/static/chunks/88bef_next_dist_e00fd810._.js:2287
[ 3619854ms] [WARNING] THREE.Texture: Unable to serialize Texture. @ http://localhost:3000/_next/static/chunks/88bef_next_dist_e00fd810._.js:2287
[ 3619854ms] [WARNING] THREE.Texture: Unable to serialize Texture. @ http://localhost:3000/_next/static/chunks/88bef_next_dist_e00fd810._.js:2287
[ 3619854ms] [WARNING] THREE.Texture: Unable to serialize Texture. @ http://localhost:3000/_next/static/chunks/88bef_next_dist_e00fd810._.js:2287
[ 3619854ms] [WARNING] THREE.Texture: Unable to serialize Texture. @ http://localhost:3000/_next/static/chunks/88bef_next_dist_e00fd810._.js:2287
[ 3619854ms] [WARNING] THREE.Texture: Unable to serialize Texture. @ http://localhost:3000/_next/static/chunks/88bef_next_dist_e00fd810._.js:2287
[ 3619855ms] [WARNING] THREE.Texture: Unable to serialize Texture. @ http://localhost:3000/_next/static/chunks/88bef_next_dist_e00fd810._.js:2287
[ 3619855ms] [WARNING] THREE.Texture: Unable to serialize Texture. @ http://localhost:3000/_next/static/chunks/88bef_next_dist_e00fd810._.js:2287
[ 3619863ms] [WARNING] THREE.Texture: Unable to serialize Texture. @ http://localhost:3000/_next/static/chunks/88bef_next_dist_e00fd810._.js:2287
[ 3619863ms] [WARNING] THREE.Texture: Unable to serialize Texture. @ http://localhost:3000/_next/static/chunks/88bef_next_dist_e00fd810._.js:2287
[ 3619863ms] [WARNING] THREE.Texture: Unable to serialize Texture. @ http://localhost:3000/_next/static/chunks/88bef_next_dist_e00fd810._.js:2287
[ 3619863ms] [WARNING] THREE.Texture: Unable to serialize Texture. @ http://localhost:3000/_next/static/chunks/88bef_next_dist_e00fd810._.js:2287
[ 3619863ms] [WARNING] THREE.Texture: Unable to serialize Texture. @ http://localhost:3000/_next/static/chunks/88bef_next_dist_e00fd810._.js:2287
[ 3619863ms] [WARNING] THREE.Texture: Unable to serialize Texture. @ http://localhost:3000/_next/static/chunks/88bef_next_dist_e00fd810._.js:2287
[ 3619864ms] [WARNING] THREE.Texture: Unable to serialize Texture. @ http://localhost:3000/_next/static/chunks/88bef_next_dist_e00fd810._.js:2287
[ 3619864ms] [WARNING] THREE.Texture: Unable to serialize Texture. @ http://localhost:3000/_next/static/chunks/88bef_next_dist_e00fd810._.js:2287
[ 3619864ms] [WARNING] THREE.Texture: Unable to serialize Texture. @ http://localhost:3000/_next/static/chunks/88bef_next_dist_e00fd810._.js:2287
[ 3619864ms] [WARNING] THREE.Texture: Unable to serialize Texture. @ http://localhost:3000/_next/static/chunks/88bef_next_dist_e00fd810._.js:2287
[ 3619864ms] [WARNING] THREE.Texture: Unable to serialize Texture. @ http://localhost:3000/_next/static/chunks/88bef_next_dist_e00fd810._.js:2287
[ 3619864ms] [WARNING] THREE.Texture: Unable to serialize Texture. @ http://localhost:3000/_next/static/chunks/88bef_next_dist_e00fd810._.js:2287
[ 3619864ms] [WARNING] THREE.Texture: Unable to serialize Texture. @ http://localhost:3000/_next/static/chunks/88bef_next_dist_e00fd810._.js:2287
[ 3619864ms] [WARNING] THREE.Texture: Unable to serialize Texture. @ http://localhost:3000/_next/static/chunks/88bef_next_dist_e00fd810._.js:2287
[ 3619864ms] [WARNING] THREE.Texture: Unable to serialize Texture. @ http://localhost:3000/_next/static/chunks/88bef_next_dist_e00fd810._.js:2287
[ 3619864ms] [WARNING] THREE.Texture: Unable to serialize Texture. @ http://localhost:3000/_next/static/chunks/88bef_next_dist_e00fd810._.js:2287
[ 3619864ms] [WARNING] THREE.Texture: Unable to serialize Texture. @ http://localhost:3000/_next/static/chunks/88bef_next_dist_e00fd810._.js:2287
[ 3619864ms] [WARNING] THREE.Texture: Unable to serialize Texture. @ http://localhost:3000/_next/static/chunks/88bef_next_dist_e00fd810._.js:2287
[ 3619864ms] [WARNING] THREE.Texture: Unable to serialize Texture. @ http://localhost:3000/_next/static/chunks/88bef_next_dist_e00fd810._.js:2287
[ 3619864ms] [WARNING] THREE.Texture: Unable to serialize Texture. @ http://localhost:3000/_next/static/chunks/88bef_next_dist_e00fd810._.js:2287
[ 3619864ms] [WARNING] THREE.Texture: Unable to serialize Texture. @ http://localhost:3000/_next/static/chunks/88bef_next_dist_e00fd810._.js:2287
[ 3619864ms] [WARNING] THREE.Texture: Unable to serialize Texture. @ http://localhost:3000/_next/static/chunks/88bef_next_dist_e00fd810._.js:2287
[ 3619864ms] [WARNING] THREE.Texture: Unable to serialize Texture. @ http://localhost:3000/_next/static/chunks/88bef_next_dist_e00fd810._.js:2287
[ 3619864ms] [WARNING] THREE.Texture: Unable to serialize Texture. @ http://localhost:3000/_next/static/chunks/88bef_next_dist_e00fd810._.js:2287
[ 3619864ms] [WARNING] THREE.Texture: Unable to serialize Texture. @ http://localhost:3000/_next/static/chunks/88bef_next_dist_e00fd810._.js:2287
[ 3619865ms] [WARNING] THREE.Texture: Unable to serialize Texture. @ http://localhost:3000/_next/static/chunks/88bef_next_dist_e00fd810._.js:2287
[ 3619865ms] [WARNING] THREE.Texture: Unable to serialize Texture. @ http://localhost:3000/_next/static/chunks/88bef_next_dist_e00fd810._.js:2287
[ 3619865ms] [WARNING] THREE.Texture: Unable to serialize Texture. @ http://localhost:3000/_next/static/chunks/88bef_next_dist_e00fd810._.js:2287
[ 3619865ms] [WARNING] THREE.Texture: Unable to serialize Texture. @ http://localhost:3000/_next/static/chunks/88bef_next_dist_e00fd810._.js:2287
[ 3619866ms] TypeError: Converting circular structure to JSON
    --> starting at object with constructor 'Object'
    |     property 'children' -> object with constructor 'Array'
    |     index 0 -> object with constructor 'Object'
    --- property 'parent' closes the circle
    at JSON.stringify (<anonymous>)
    at http://localhost:3000/_next/static/chunks/88bef_8668f7a0._.js:3253:18
    at react-stack-bottom-frame (http://localhost:3000/_next/static/chunks/88bef_react-reconciler_c3ba74b2._.js:7165:24)
    at renderWithHooks (http://localhost:3000/_next/static/chunks/88bef_react-reconciler_c3ba74b2._.js:2233:24)
    at updateFunctionComponent (http://localhost:3000/_next/static/chunks/88bef_react-reconciler_c3ba74b2._.js:3497:21)
    at beginWork (http://localhost:3000/_next/static/chunks/88bef_react-reconciler_c3ba74b2._.js:4089:24)
    at runWithFiberInDEV (http://localhost:3000/_next/static/chunks/88bef_react-reconciler_c3ba74b2._.js:428:20)
    at performUnitOfWork (http://localhost:3000/_next/static/chunks/88bef_react-reconciler_c3ba74b2._.js:6346:87)
    at workLoopSync (http://localhost:3000/_next/static/chunks/88bef_react-reconciler_c3ba74b2._.js:6239:40)
    at renderRootSync (http://localhost:3000/_next/static/chunks/88bef_react-reconciler_c3ba74b2._.js:6222:13)
    at performWorkOnRoot (http://localhost:3000/_next/static/chunks/88bef_react-reconciler_c3ba74b2._.js:5982:56)
    at performWorkOnRootViaSchedulerTask (http://localhost:3000/_next/static/chunks/88bef_react-reconciler_c3ba74b2._.js:1385:9)
    at MessagePort.performWorkUntilDeadline (http://localhost:3000/_next/static/chunks/88bef_8668f7a0._.js:2171:64)
[ 3619875ms] TypeError: Converting circular structure to JSON
    --> starting at object with constructor 'Object'
    |     property 'children' -> object with constructor 'Array'
    |     index 0 -> object with constructor 'Object'
    --- property 'parent' closes the circle
    at JSON.stringify (<anonymous>)
    at http://localhost:3000/_next/static/chunks/88bef_8668f7a0._.js:3253:18
    at react-stack-bottom-frame (http://localhost:3000/_next/static/chunks/88bef_react-reconciler_c3ba74b2._.js:7165:24)
    at renderWithHooks (http://localhost:3000/_next/static/chunks/88bef_react-reconciler_c3ba74b2._.js:2233:24)
    at updateFunctionComponent (http://localhost:3000/_next/static/chunks/88bef_react-reconciler_c3ba74b2._.js:3497:21)
    at beginWork (http://localhost:3000/_next/static/chunks/88bef_react-reconciler_c3ba74b2._.js:4089:24)
    at runWithFiberInDEV (http://localhost:3000/_next/static/chunks/88bef_react-reconciler_c3ba74b2._.js:428:20)
    at performUnitOfWork (http://localhost:3000/_next/static/chunks/88bef_react-reconciler_c3ba74b2._.js:6346:87)
    at workLoopSync (http://localhost:3000/_next/static/chunks/88bef_react-reconciler_c3ba74b2._.js:6239:40)
    at renderRootSync (http://localhost:3000/_next/static/chunks/88bef_react-reconciler_c3ba74b2._.js:6222:13)
    at performWorkOnRoot (http://localhost:3000/_next/static/chunks/88bef_react-reconciler_c3ba74b2._.js:5982:56)
    at performWorkOnRootViaSchedulerTask (http://localhost:3000/_next/static/chunks/88bef_react-reconciler_c3ba74b2._.js:1385:9)
    at MessagePort.performWorkUntilDeadline (http://localhost:3000/_next/static/chunks/88bef_8668f7a0._.js:2171:64)
[ 3619879ms] [LOG] [Fast Refresh] done in 127ms @ http://localhost:3000/_next/static/chunks/88bef_next_dist_e00fd810._.js:2287
[ 3620388ms] [LOG] THREE.WebGLRenderer: Context Lost. @ http://localhost:3000/_next/static/chunks/88bef_next_dist_e00fd810._.js:2287
[ 3664122ms] [LOG] [Fast Refresh] rebuilding @ http://localhost:3000/_next/static/chunks/88bef_next_dist_e00fd810._.js:2287
[ 3665929ms] [WARNING] [Fast Refresh] performing full reload because your application had an unrecoverable error @ http://localhost:3000/_next/static/chunks/88bef_next_dist_e00fd810._.js:2287
[ 3666653ms] [LOG] [Fast Refresh] done in 2019ms @ http://localhost:3000/_next/static/chunks/88bef_next_dist_e00fd810._.js:2287
[ 3666760ms] [LOG] [Fast Refresh] rebuilding @ http://localhost:3000/_next/static/chunks/88bef_next_dist_e00fd810._.js:2287
[ 3668116ms] [INFO] %cDownload the React DevTools for a better development experience: https://react.dev/link/react-devtools font-weight:bold @ http://localhost:3000/_next/static/chunks/88bef_next_dist_e00fd810._.js:2287
[ 3668127ms] [LOG] [HMR] connected @ http://localhost:3000/_next/static/chunks/88bef_next_dist_e00fd810._.js:2287
[ 3668335ms] [ERROR] A props object containing a "key" prop is being spread into JSX:
  let props = %s;
  <%s {...props} />
React keys must be passed directly to JSX without using spread:
  let props = %s;
  <%s key={someKey} {...props} /> {key: someKey, pos: ..., scale: ..., rot: ..., spin: ...} Rock {pos: ..., scale: ..., rot: ..., spin: ...} Rock @ http://localhost:3000/_next/static/chunks/88bef_next_dist_e00fd810._.js:3117
[ 3722781ms] [INFO] %cDownload the React DevTools for a better development experience: https://react.dev/link/react-devtools font-weight:bold @ http://localhost:3000/_next/static/chunks/88bef_next_dist_e00fd810._.js:2287
[ 3722822ms] [LOG] [HMR] connected @ http://localhost:3000/_next/static/chunks/88bef_next_dist_e00fd810._.js:2287
[ 3722984ms] [ERROR] A props object containing a "key" prop is being spread into JSX:
  let props = %s;
  <%s {...props} />
React keys must be passed directly to JSX without using spread:
  let props = %s;
  <%s key={someKey} {...props} /> {key: someKey, pos: ..., scale: ..., rot: ..., spin: ...} Rock {pos: ..., scale: ..., rot: ..., spin: ...} Rock @ http://localhost:3000/_next/static/chunks/88bef_next_dist_e00fd810._.js:3117
[ 3727821ms] [INFO] %cDownload the React DevTools for a better development experience: https://react.dev/link/react-devtools font-weight:bold @ http://localhost:3000/_next/static/chunks/88bef_next_dist_e00fd810._.js:2287
[ 3727830ms] [LOG] [HMR] connected @ http://localhost:3000/_next/static/chunks/88bef_next_dist_e00fd810._.js:2287
[ 3727981ms] [ERROR] A props object containing a "key" prop is being spread into JSX:
  let props = %s;
  <%s {...props} />
React keys must be passed directly to JSX without using spread:
  let props = %s;
  <%s key={someKey} {...props} /> {key: someKey, pos: ..., scale: ..., rot: ..., spin: ...} Rock {pos: ..., scale: ..., rot: ..., spin: ...} Rock @ http://localhost:3000/_next/static/chunks/88bef_next_dist_e00fd810._.js:3117
[ 3736803ms] [INFO] %cDownload the React DevTools for a better development experience: https://react.dev/link/react-devtools font-weight:bold @ http://localhost:3000/_next/static/chunks/88bef_next_dist_e00fd810._.js:2287
[ 3736814ms] [LOG] [HMR] connected @ http://localhost:3000/_next/static/chunks/88bef_next_dist_e00fd810._.js:2287
[ 3736957ms] [ERROR] A props object containing a "key" prop is being spread into JSX:
  let props = %s;
  <%s {...props} />
React keys must be passed directly to JSX without using spread:
  let props = %s;
  <%s key={someKey} {...props} /> {key: someKey, pos: ..., scale: ..., rot: ..., spin: ...} Rock {pos: ..., scale: ..., rot: ..., spin: ...} Rock @ http://localhost:3000/_next/static/chunks/88bef_next_dist_e00fd810._.js:3117
[ 4040426ms] [LOG] [Fast Refresh] rebuilding @ http://localhost:3000/_next/static/chunks/88bef_next_dist_e00fd810._.js:2287
[ 4040513ms] [LOG] [Fast Refresh] done in 181ms @ http://localhost:3000/_next/static/chunks/88bef_next_dist_e00fd810._.js:2287
[ 4055050ms] [LOG] [Fast Refresh] rebuilding @ http://localhost:3000/_next/static/chunks/88bef_next_dist_e00fd810._.js:2287
[ 4055107ms] [LOG] [Fast Refresh] done in 137ms @ http://localhost:3000/_next/static/chunks/88bef_next_dist_e00fd810._.js:2287
[ 4060351ms] [LOG] [Fast Refresh] rebuilding @ http://localhost:3000/_next/static/chunks/88bef_next_dist_e00fd810._.js:2287
[ 4060395ms] [LOG] [Fast Refresh] done in 134ms @ http://localhost:3000/_next/static/chunks/88bef_next_dist_e00fd810._.js:2287
[ 4075076ms] [LOG] [Fast Refresh] rebuilding @ http://localhost:3000/_next/static/chunks/88bef_next_dist_e00fd810._.js:2287
[ 4075091ms] [WARNING] THREE.Texture: Unable to serialize Texture. @ http://localhost:3000/_next/static/chunks/88bef_next_dist_e00fd810._.js:2287
[ 4075092ms] [WARNING] THREE.Texture: Unable to serialize Texture. @ http://localhost:3000/_next/static/chunks/88bef_next_dist_e00fd810._.js:2287
[ 4075092ms] [WARNING] THREE.Texture: Unable to serialize Texture. @ http://localhost:3000/_next/static/chunks/88bef_next_dist_e00fd810._.js:2287
[ 4075092ms] [WARNING] THREE.Texture: Unable to serialize Texture. @ http://localhost:3000/_next/static/chunks/88bef_next_dist_e00fd810._.js:2287
[ 4075092ms] [WARNING] THREE.Texture: Unable to serialize Texture. @ http://localhost:3000/_next/static/chunks/88bef_next_dist_e00fd810._.js:2287
[ 4075092ms] [WARNING] THREE.Texture: Unable to serialize Texture. @ http://localhost:3000/_next/static/chunks/88bef_next_dist_e00fd810._.js:2287
[ 4075092ms] [WARNING] THREE.Texture: Unable to serialize Texture. @ http://localhost:3000/_next/static/chunks/88bef_next_dist_e00fd810._.js:2287
[ 4075092ms] [WARNING] THREE.Texture: Unable to serialize Texture. @ http://localhost:3000/_next/static/chunks/88bef_next_dist_e00fd810._.js:2287
[ 4075092ms] [WARNING] THREE.Texture: Unable to serialize Texture. @ http://localhost:3000/_next/static/chunks/88bef_next_dist_e00fd810._.js:2287
[ 4075093ms] [WARNING] THREE.Texture: Unable to serialize Texture. @ http://localhost:3000/_next/static/chunks/88bef_next_dist_e00fd810._.js:2287
[ 4075093ms] [WARNING] THREE.Texture: Unable to serialize Texture. @ http://localhost:3000/_next/static/chunks/88bef_next_dist_e00fd810._.js:2287
[ 4075093ms] [WARNING] THREE.Texture: Unable to serialize Texture. @ http://localhost:3000/_next/static/chunks/88bef_next_dist_e00fd810._.js:2287
[ 4075093ms] [WARNING] THREE.Texture: Unable to serialize Texture. @ http://localhost:3000/_next/static/chunks/88bef_next_dist_e00fd810._.js:2287
[ 4075093ms] [WARNING] THREE.Texture: Unable to serialize Texture. @ http://localhost:3000/_next/static/chunks/88bef_next_dist_e00fd810._.js:2287
[ 4075093ms] [WARNING] THREE.Texture: Unable to serialize Texture. @ http://localhost:3000/_next/static/chunks/88bef_next_dist_e00fd810._.js:2287
[ 4075093ms] [WARNING] THREE.Texture: Unable to serialize Texture. @ http://localhost:3000/_next/static/chunks/88bef_next_dist_e00fd810._.js:2287
[ 4075093ms] [WARNING] THREE.Texture: Unable to serialize Texture. @ http://localhost:3000/_next/static/chunks/88bef_next_dist_e00fd810._.js:2287
[ 4075093ms] [WARNING] THREE.Texture: Unable to serialize Texture. @ http://localhost:3000/_next/static/chunks/88bef_next_dist_e00fd810._.js:2287
[ 4075093ms] [WARNING] THREE.Texture: Unable to serialize Texture. @ http://localhost:3000/_next/static/chunks/88bef_next_dist_e00fd810._.js:2287
[ 4075093ms] [WARNING] THREE.Texture: Unable to serialize Texture. @ http://localhost:3000/_next/static/chunks/88bef_next_dist_e00fd810._.js:2287
[ 4075093ms] [WARNING] THREE.Texture: Unable to serialize Texture. @ http://localhost:3000/_next/static/chunks/88bef_next_dist_e00fd810._.js:2287
[ 4075093ms] [WARNING] THREE.Texture: Unable to serialize Texture. @ http://localhost:3000/_next/static/chunks/88bef_next_dist_e00fd810._.js:2287
[ 4075093ms] [WARNING] THREE.Texture: Unable to serialize Texture. @ http://localhost:3000/_next/static/chunks/88bef_next_dist_e00fd810._.js:2287
[ 4075093ms] [WARNING] THREE.Texture: Unable to serialize Texture. @ http://localhost:3000/_next/static/chunks/88bef_next_dist_e00fd810._.js:2287
[ 4075093ms] [WARNING] THREE.Texture: Unable to serialize Texture. @ http://localhost:3000/_next/static/chunks/88bef_next_dist_e00fd810._.js:2287
[ 4075093ms] [WARNING] THREE.Texture: Unable to serialize Texture. @ http://localhost:3000/_next/static/chunks/88bef_next_dist_e00fd810._.js:2287
[ 4075094ms] [WARNING] THREE.Texture: Unable to serialize Texture. @ http://localhost:3000/_next/static/chunks/88bef_next_dist_e00fd810._.js:2287
[ 4075094ms] [WARNING] THREE.Texture: Unable to serialize Texture. @ http://localhost:3000/_next/static/chunks/88bef_next_dist_e00fd810._.js:2287
[ 4075094ms] [WARNING] THREE.Texture: Unable to serialize Texture. @ http://localhost:3000/_next/static/chunks/88bef_next_dist_e00fd810._.js:2287
[ 4075103ms] [WARNING] THREE.Texture: Unable to serialize Texture. @ http://localhost:3000/_next/static/chunks/88bef_next_dist_e00fd810._.js:2287
[ 4075103ms] [WARNING] THREE.Texture: Unable to serialize Texture. @ http://localhost:3000/_next/static/chunks/88bef_next_dist_e00fd810._.js:2287
[ 4075103ms] [WARNING] THREE.Texture: Unable to serialize Texture. @ http://localhost:3000/_next/static/chunks/88bef_next_dist_e00fd810._.js:2287
[ 4075103ms] [WARNING] THREE.Texture: Unable to serialize Texture. @ http://localhost:3000/_next/static/chunks/88bef_next_dist_e00fd810._.js:2287
[ 4075104ms] [WARNING] THREE.Texture: Unable to serialize Texture. @ http://localhost:3000/_next/static/chunks/88bef_next_dist_e00fd810._.js:2287
[ 4075104ms] [WARNING] THREE.Texture: Unable to serialize Texture. @ http://localhost:3000/_next/static/chunks/88bef_next_dist_e00fd810._.js:2287
[ 4075104ms] [WARNING] THREE.Texture: Unable to serialize Texture. @ http://localhost:3000/_next/static/chunks/88bef_next_dist_e00fd810._.js:2287
[ 4075104ms] [WARNING] THREE.Texture: Unable to serialize Texture. @ http://localhost:3000/_next/static/chunks/88bef_next_dist_e00fd810._.js:2287
[ 4075104ms] [WARNING] THREE.Texture: Unable to serialize Texture. @ http://localhost:3000/_next/static/chunks/88bef_next_dist_e00fd810._.js:2287
[ 4075104ms] [WARNING] THREE.Texture: Unable to serialize Texture. @ http://localhost:3000/_next/static/chunks/88bef_next_dist_e00fd810._.js:2287
[ 4075104ms] [WARNING] THREE.Texture: Unable to serialize Texture. @ http://localhost:3000/_next/static/chunks/88bef_next_dist_e00fd810._.js:2287
[ 4075104ms] [WARNING] THREE.Texture: Unable to serialize Texture. @ http://localhost:3000/_next/static/chunks/88bef_next_dist_e00fd810._.js:2287
[ 4075104ms] [WARNING] THREE.Texture: Unable to serialize Texture. @ http://localhost:3000/_next/static/chunks/88bef_next_dist_e00fd810._.js:2287
[ 4075104ms] [WARNING] THREE.Texture: Unable to serialize Texture. @ http://localhost:3000/_next/static/chunks/88bef_next_dist_e00fd810._.js:2287
[ 4075104ms] [WARNING] THREE.Texture: Unable to serialize Texture. @ http://localhost:3000/_next/static/chunks/88bef_next_dist_e00fd810._.js:2287
[ 4075105ms] [WARNING] THREE.Texture: Unable to serialize Texture. @ http://localhost:3000/_next/static/chunks/88bef_next_dist_e00fd810._.js:2287
[ 4075105ms] [WARNING] THREE.Texture: Unable to serialize Texture. @ http://localhost:3000/_next/static/chunks/88bef_next_dist_e00fd810._.js:2287
[ 4075105ms] [WARNING] THREE.Texture: Unable to serialize Texture. @ http://localhost:3000/_next/static/chunks/88bef_next_dist_e00fd810._.js:2287
[ 4075105ms] [WARNING] THREE.Texture: Unable to serialize Texture. @ http://localhost:3000/_next/static/chunks/88bef_next_dist_e00fd810._.js:2287
[ 4075105ms] [WARNING] THREE.Texture: Unable to serialize Texture. @ http://localhost:3000/_next/static/chunks/88bef_next_dist_e00fd810._.js:2287
[ 4075105ms] [WARNING] THREE.Texture: Unable to serialize Texture. @ http://localhost:3000/_next/static/chunks/88bef_next_dist_e00fd810._.js:2287
[ 4075105ms] [WARNING] THREE.Texture: Unable to serialize Texture. @ http://localhost:3000/_next/static/chunks/88bef_next_dist_e00fd810._.js:2287
[ 4075105ms] [WARNING] THREE.Texture: Unable to serialize Texture. @ http://localhost:3000/_next/static/chunks/88bef_next_dist_e00fd810._.js:2287
[ 4075105ms] [WARNING] THREE.Texture: Unable to serialize Texture. @ http://localhost:3000/_next/static/chunks/88bef_next_dist_e00fd810._.js:2287
[ 4075105ms] [WARNING] THREE.Texture: Unable to serialize Texture. @ http://localhost:3000/_next/static/chunks/88bef_next_dist_e00fd810._.js:2287
[ 4075105ms] [WARNING] THREE.Texture: Unable to serialize Texture. @ http://localhost:3000/_next/static/chunks/88bef_next_dist_e00fd810._.js:2287
[ 4075105ms] [WARNING] THREE.Texture: Unable to serialize Texture. @ http://localhost:3000/_next/static/chunks/88bef_next_dist_e00fd810._.js:2287
[ 4075105ms] [WARNING] THREE.Texture: Unable to serialize Texture. @ http://localhost:3000/_next/static/chunks/88bef_next_dist_e00fd810._.js:2287
[ 4075105ms] [WARNING] THREE.Texture: Unable to serialize Texture. @ http://localhost:3000/_next/static/chunks/88bef_next_dist_e00fd810._.js:2287
[ 4075110ms] TypeError: Converting circular structure to JSON
    --> starting at object with constructor 'Object'
    |     property 'children' -> object with constructor 'Array'
    |     index 0 -> object with constructor 'Object'
    --- property 'parent' closes the circle
    at JSON.stringify (<anonymous>)
    at http://localhost:3000/_next/static/chunks/88bef_8668f7a0._.js:3253:18
    at react-stack-bottom-frame (http://localhost:3000/_next/static/chunks/88bef_react-reconciler_c3ba74b2._.js:7165:24)
    at renderWithHooks (http://localhost:3000/_next/static/chunks/88bef_react-reconciler_c3ba74b2._.js:2233:24)
    at updateFunctionComponent (http://localhost:3000/_next/static/chunks/88bef_react-reconciler_c3ba74b2._.js:3497:21)
    at beginWork (http://localhost:3000/_next/static/chunks/88bef_react-reconciler_c3ba74b2._.js:4089:24)
    at runWithFiberInDEV (http://localhost:3000/_next/static/chunks/88bef_react-reconciler_c3ba74b2._.js:428:20)
    at performUnitOfWork (http://localhost:3000/_next/static/chunks/88bef_react-reconciler_c3ba74b2._.js:6346:87)
    at workLoopSync (http://localhost:3000/_next/static/chunks/88bef_react-reconciler_c3ba74b2._.js:6239:40)
    at renderRootSync (http://localhost:3000/_next/static/chunks/88bef_react-reconciler_c3ba74b2._.js:6222:13)
    at performWorkOnRoot (http://localhost:3000/_next/static/chunks/88bef_react-reconciler_c3ba74b2._.js:5982:56)
    at performWorkOnRootViaSchedulerTask (http://localhost:3000/_next/static/chunks/88bef_react-reconciler_c3ba74b2._.js:1385:9)
    at MessagePort.performWorkUntilDeadline (http://localhost:3000/_next/static/chunks/88bef_8668f7a0._.js:2171:64)
[ 4075113ms] [LOG] [Fast Refresh] done in 34ms @ http://localhost:3000/_next/static/chunks/88bef_next_dist_e00fd810._.js:2287
[ 4075126ms] TypeError: Converting circular structure to JSON
    --> starting at object with constructor 'Object'
    |     property 'children' -> object with constructor 'Array'
    |     index 0 -> object with constructor 'Object'
    --- property 'parent' closes the circle
    at JSON.stringify (<anonymous>)
    at http://localhost:3000/_next/static/chunks/88bef_8668f7a0._.js:3253:18
    at react-stack-bottom-frame (http://localhost:3000/_next/static/chunks/88bef_react-reconciler_c3ba74b2._.js:7165:24)
    at renderWithHooks (http://localhost:3000/_next/static/chunks/88bef_react-reconciler_c3ba74b2._.js:2233:24)
    at updateFunctionComponent (http://localhost:3000/_next/static/chunks/88bef_react-reconciler_c3ba74b2._.js:3497:21)
    at beginWork (http://localhost:3000/_next/static/chunks/88bef_react-reconciler_c3ba74b2._.js:4089:24)
    at runWithFiberInDEV (http://localhost:3000/_next/static/chunks/88bef_react-reconciler_c3ba74b2._.js:428:20)
    at performUnitOfWork (http://localhost:3000/_next/static/chunks/88bef_react-reconciler_c3ba74b2._.js:6346:87)
    at workLoopSync (http://localhost:3000/_next/static/chunks/88bef_react-reconciler_c3ba74b2._.js:6239:40)
    at renderRootSync (http://localhost:3000/_next/static/chunks/88bef_react-reconciler_c3ba74b2._.js:6222:13)
    at performWorkOnRoot (http://localhost:3000/_next/static/chunks/88bef_react-reconciler_c3ba74b2._.js:5982:56)
    at performWorkOnRootViaSchedulerTask (http://localhost:3000/_next/static/chunks/88bef_react-reconciler_c3ba74b2._.js:1385:9)
    at MessagePort.performWorkUntilDeadline (http://localhost:3000/_next/static/chunks/88bef_8668f7a0._.js:2171:64)
[ 4075639ms] [LOG] THREE.WebGLRenderer: Context Lost. @ http://localhost:3000/_next/static/chunks/88bef_next_dist_e00fd810._.js:2287
[ 4084784ms] [LOG] [Fast Refresh] rebuilding @ http://localhost:3000/_next/static/chunks/88bef_next_dist_e00fd810._.js:2287
[ 4084798ms] [WARNING] [Fast Refresh] performing full reload because your application had an unrecoverable error @ http://localhost:3000/_next/static/chunks/88bef_next_dist_e00fd810._.js:2287
[ 4084848ms] [LOG] [Fast Refresh] done in 58ms @ http://localhost:3000/_next/static/chunks/88bef_next_dist_e00fd810._.js:2287
[ 4085043ms] [LOG] [Fast Refresh] rebuilding @ http://localhost:3000/_next/static/chunks/88bef_next_dist_e00fd810._.js:2287
[ 4085057ms] [LOG] [Fast Refresh] done in 203ms @ http://localhost:3000/_next/static/chunks/88bef_next_dist_e00fd810._.js:2287
[ 4085383ms] [INFO] %cDownload the React DevTools for a better development experience: https://react.dev/link/react-devtools font-weight:bold @ http://localhost:3000/_next/static/chunks/88bef_next_dist_e00fd810._.js:2287
[ 4085401ms] [LOG] [HMR] connected @ http://localhost:3000/_next/static/chunks/88bef_next_dist_e00fd810._.js:2287
[ 4085552ms] [ERROR] A props object containing a "key" prop is being spread into JSX:
  let props = %s;
  <%s {...props} />
React keys must be passed directly to JSX without using spread:
  let props = %s;
  <%s key={someKey} {...props} /> {key: someKey, pos: ..., scale: ..., rot: ..., spin: ...} Rock {pos: ..., scale: ..., rot: ..., spin: ...} Rock @ http://localhost:3000/_next/static/chunks/88bef_next_dist_e00fd810._.js:3117
[ 4089343ms] [LOG] [Fast Refresh] rebuilding @ http://localhost:3000/_next/static/chunks/88bef_next_dist_e00fd810._.js:2287
[ 4089372ms] [LOG] [Fast Refresh] done in 25ms @ http://localhost:3000/_next/static/chunks/88bef_next_dist_e00fd810._.js:2287
[ 4116788ms] [LOG] [Fast Refresh] rebuilding @ http://localhost:3000/_next/static/chunks/88bef_next_dist_e00fd810._.js:2287
[ 4116826ms] [LOG] [Fast Refresh] done in 139ms @ http://localhost:3000/_next/static/chunks/88bef_next_dist_e00fd810._.js:2287
[ 4117194ms] [INFO] %cDownload the React DevTools for a better development experience: https://react.dev/link/react-devtools font-weight:bold @ http://localhost:3000/_next/static/chunks/88bef_next_dist_e00fd810._.js:2287
[ 4117206ms] [LOG] [HMR] connected @ http://localhost:3000/_next/static/chunks/88bef_next_dist_e00fd810._.js:2287
[ 4117409ms] [ERROR] A props object containing a "key" prop is being spread into JSX:
  let props = %s;
  <%s {...props} />
React keys must be passed directly to JSX without using spread:
  let props = %s;
  <%s key={someKey} {...props} /> {key: someKey, pos: ..., scale: ..., rot: ..., spin: ...} Rock {pos: ..., scale: ..., rot: ..., spin: ...} Rock @ http://localhost:3000/_next/static/chunks/88bef_next_dist_e00fd810._.js:3117
[ 4451447ms] [LOG] [Fast Refresh] rebuilding @ http://localhost:3000/_next/static/chunks/88bef_next_dist_e00fd810._.js:2287
[ 4451507ms] [WARNING] THREE.Texture: Unable to serialize Texture. @ http://localhost:3000/_next/static/chunks/88bef_next_dist_e00fd810._.js:2287
[ 4451508ms] [WARNING] THREE.Texture: Unable to serialize Texture. @ http://localhost:3000/_next/static/chunks/88bef_next_dist_e00fd810._.js:2287
[ 4451508ms] [WARNING] THREE.Texture: Unable to serialize Texture. @ http://localhost:3000/_next/static/chunks/88bef_next_dist_e00fd810._.js:2287
[ 4451508ms] [WARNING] THREE.Texture: Unable to serialize Texture. @ http://localhost:3000/_next/static/chunks/88bef_next_dist_e00fd810._.js:2287
[ 4451508ms] [WARNING] THREE.Texture: Unable to serialize Texture. @ http://localhost:3000/_next/static/chunks/88bef_next_dist_e00fd810._.js:2287
[ 4451508ms] [WARNING] THREE.Texture: Unable to serialize Texture. @ http://localhost:3000/_next/static/chunks/88bef_next_dist_e00fd810._.js:2287
[ 4451509ms] [WARNING] THREE.Texture: Unable to serialize Texture. @ http://localhost:3000/_next/static/chunks/88bef_next_dist_e00fd810._.js:2287
[ 4451509ms] [WARNING] THREE.Texture: Unable to serialize Texture. @ http://localhost:3000/_next/static/chunks/88bef_next_dist_e00fd810._.js:2287
[ 4451509ms] [WARNING] THREE.Texture: Unable to serialize Texture. @ http://localhost:3000/_next/static/chunks/88bef_next_dist_e00fd810._.js:2287
[ 4451509ms] [WARNING] THREE.Texture: Unable to serialize Texture. @ http://localhost:3000/_next/static/chunks/88bef_next_dist_e00fd810._.js:2287
[ 4451509ms] [WARNING] THREE.Texture: Unable to serialize Texture. @ http://localhost:3000/_next/static/chunks/88bef_next_dist_e00fd810._.js:2287
[ 4451509ms] [WARNING] THREE.Texture: Unable to serialize Texture. @ http://localhost:3000/_next/static/chunks/88bef_next_dist_e00fd810._.js:2287
[ 4451509ms] [WARNING] THREE.Texture: Unable to serialize Texture. @ http://localhost:3000/_next/static/chunks/88bef_next_dist_e00fd810._.js:2287
[ 4451509ms] [WARNING] THREE.Texture: Unable to serialize Texture. @ http://localhost:3000/_next/static/chunks/88bef_next_dist_e00fd810._.js:2287
[ 4451509ms] [WARNING] THREE.Texture: Unable to serialize Texture. @ http://localhost:3000/_next/static/chunks/88bef_next_dist_e00fd810._.js:2287
[ 4451509ms] [WARNING] THREE.Texture: Unable to serialize Texture. @ http://localhost:3000/_next/static/chunks/88bef_next_dist_e00fd810._.js:2287
[ 4451509ms] [WARNING] THREE.Texture: Unable to serialize Texture. @ http://localhost:3000/_next/static/chunks/88bef_next_dist_e00fd810._.js:2287
[ 4451509ms] [WARNING] THREE.Texture: Unable to serialize Texture. @ http://localhost:3000/_next/static/chunks/88bef_next_dist_e00fd810._.js:2287
[ 4451509ms] [WARNING] THREE.Texture: Unable to serialize Texture. @ http://localhost:3000/_next/static/chunks/88bef_next_dist_e00fd810._.js:2287
[ 4451510ms] [WARNING] THREE.Texture: Unable to serialize Texture. @ http://localhost:3000/_next/static/chunks/88bef_next_dist_e00fd810._.js:2287
[ 4451510ms] [WARNING] THREE.Texture: Unable to serialize Texture. @ http://localhost:3000/_next/static/chunks/88bef_next_dist_e00fd810._.js:2287
[ 4451510ms] [WARNING] THREE.Texture: Unable to serialize Texture. @ http://localhost:3000/_next/static/chunks/88bef_next_dist_e00fd810._.js:2287
[ 4451510ms] [WARNING] THREE.Texture: Unable to serialize Texture. @ http://localhost:3000/_next/static/chunks/88bef_next_dist_e00fd810._.js:2287
[ 4451510ms] [WARNING] THREE.Texture: Unable to serialize Texture. @ http://localhost:3000/_next/static/chunks/88bef_next_dist_e00fd810._.js:2287
[ 4451510ms] [WARNING] THREE.Texture: Unable to serialize Texture. @ http://localhost:3000/_next/static/chunks/88bef_next_dist_e00fd810._.js:2287
[ 4451510ms] [WARNING] THREE.Texture: Unable to serialize Texture. @ http://localhost:3000/_next/static/chunks/88bef_next_dist_e00fd810._.js:2287
[ 4451510ms] [WARNING] THREE.Texture: Unable to serialize Texture. @ http://localhost:3000/_next/static/chunks/88bef_next_dist_e00fd810._.js:2287
[ 4451510ms] [WARNING] THREE.Texture: Unable to serialize Texture. @ http://localhost:3000/_next/static/chunks/88bef_next_dist_e00fd810._.js:2287
[ 4451510ms] [WARNING] THREE.Texture: Unable to serialize Texture. @ http://localhost:3000/_next/static/chunks/88bef_next_dist_e00fd810._.js:2287
[ 4451523ms] [WARNING] THREE.Texture: Unable to serialize Texture. @ http://localhost:3000/_next/static/chunks/88bef_next_dist_e00fd810._.js:2287
[ 4451523ms] [WARNING] THREE.Texture: Unable to serialize Texture. @ http://localhost:3000/_next/static/chunks/88bef_next_dist_e00fd810._.js:2287
[ 4451524ms] [WARNING] THREE.Texture: Unable to serialize Texture. @ http://localhost:3000/_next/static/chunks/88bef_next_dist_e00fd810._.js:2287
[ 4451524ms] [WARNING] THREE.Texture: Unable to serialize Texture. @ http://localhost:3000/_next/static/chunks/88bef_next_dist_e00fd810._.js:2287
[ 4451524ms] [WARNING] THREE.Texture: Unable to serialize Texture. @ http://localhost:3000/_next/static/chunks/88bef_next_dist_e00fd810._.js:2287
[ 4451524ms] [WARNING] THREE.Texture: Unable to serialize Texture. @ http://localhost:3000/_next/static/chunks/88bef_next_dist_e00fd810._.js:2287
[ 4451524ms] [WARNING] THREE.Texture: Unable to serialize Texture. @ http://localhost:3000/_next/static/chunks/88bef_next_dist_e00fd810._.js:2287
[ 4451524ms] [WARNING] THREE.Texture: Unable to serialize Texture. @ http://localhost:3000/_next/static/chunks/88bef_next_dist_e00fd810._.js:2287
[ 4451524ms] [WARNING] THREE.Texture: Unable to serialize Texture. @ http://localhost:3000/_next/static/chunks/88bef_next_dist_e00fd810._.js:2287
[ 4451524ms] [WARNING] THREE.Texture: Unable to serialize Texture. @ http://localhost:3000/_next/static/chunks/88bef_next_dist_e00fd810._.js:2287
[ 4451524ms] [WARNING] THREE.Texture: Unable to serialize Texture. @ http://localhost:3000/_next/static/chunks/88bef_next_dist_e00fd810._.js:2287
[ 4451524ms] [WARNING] THREE.Texture: Unable to serialize Texture. @ http://localhost:3000/_next/static/chunks/88bef_next_dist_e00fd810._.js:2287
[ 4451524ms] [WARNING] THREE.Texture: Unable to serialize Texture. @ http://localhost:3000/_next/static/chunks/88bef_next_dist_e00fd810._.js:2287
[ 4451524ms] [WARNING] THREE.Texture: Unable to serialize Texture. @ http://localhost:3000/_next/static/chunks/88bef_next_dist_e00fd810._.js:2287
[ 4451524ms] [WARNING] THREE.Texture: Unable to serialize Texture. @ http://localhost:3000/_next/static/chunks/88bef_next_dist_e00fd810._.js:2287
[ 4451524ms] [WARNING] THREE.Texture: Unable to serialize Texture. @ http://localhost:3000/_next/static/chunks/88bef_next_dist_e00fd810._.js:2287
[ 4451524ms] [WARNING] THREE.Texture: Unable to serialize Texture. @ http://localhost:3000/_next/static/chunks/88bef_next_dist_e00fd810._.js:2287
[ 4451525ms] [WARNING] THREE.Texture: Unable to serialize Texture. @ http://localhost:3000/_next/static/chunks/88bef_next_dist_e00fd810._.js:2287
[ 4451525ms] [WARNING] THREE.Texture: Unable to serialize Texture. @ http://localhost:3000/_next/static/chunks/88bef_next_dist_e00fd810._.js:2287
[ 4451525ms] [WARNING] THREE.Texture: Unable to serialize Texture. @ http://localhost:3000/_next/static/chunks/88bef_next_dist_e00fd810._.js:2287
[ 4451525ms] [WARNING] THREE.Texture: Unable to serialize Texture. @ http://localhost:3000/_next/static/chunks/88bef_next_dist_e00fd810._.js:2287
[ 4451525ms] [WARNING] THREE.Texture: Unable to serialize Texture. @ http://localhost:3000/_next/static/chunks/88bef_next_dist_e00fd810._.js:2287
[ 4451525ms] [WARNING] THREE.Texture: Unable to serialize Texture. @ http://localhost:3000/_next/static/chunks/88bef_next_dist_e00fd810._.js:2287
[ 4451525ms] [WARNING] THREE.Texture: Unable to serialize Texture. @ http://localhost:3000/_next/static/chunks/88bef_next_dist_e00fd810._.js:2287
[ 4451525ms] [WARNING] THREE.Texture: Unable to serialize Texture. @ http://localhost:3000/_next/static/chunks/88bef_next_dist_e00fd810._.js:2287
[ 4451525ms] [WARNING] THREE.Texture: Unable to serialize Texture. @ http://localhost:3000/_next/static/chunks/88bef_next_dist_e00fd810._.js:2287
[ 4451525ms] [WARNING] THREE.Texture: Unable to serialize Texture. @ http://localhost:3000/_next/static/chunks/88bef_next_dist_e00fd810._.js:2287
[ 4451525ms] [WARNING] THREE.Texture: Unable to serialize Texture. @ http://localhost:3000/_next/static/chunks/88bef_next_dist_e00fd810._.js:2287
[ 4451525ms] [WARNING] THREE.Texture: Unable to serialize Texture. @ http://localhost:3000/_next/static/chunks/88bef_next_dist_e00fd810._.js:2287
[ 4451530ms] TypeError: Converting circular structure to JSON
    --> starting at object with constructor 'Object'
    |     property 'children' -> object with constructor 'Array'
    |     index 0 -> object with constructor 'Object'
    --- property 'parent' closes the circle
    at JSON.stringify (<anonymous>)
    at http://localhost:3000/_next/static/chunks/88bef_8668f7a0._.js:3253:18
    at react-stack-bottom-frame (http://localhost:3000/_next/static/chunks/88bef_react-reconciler_c3ba74b2._.js:7165:24)
    at renderWithHooks (http://localhost:3000/_next/static/chunks/88bef_react-reconciler_c3ba74b2._.js:2233:24)
    at updateFunctionComponent (http://localhost:3000/_next/static/chunks/88bef_react-reconciler_c3ba74b2._.js:3497:21)
    at beginWork (http://localhost:3000/_next/static/chunks/88bef_react-reconciler_c3ba74b2._.js:4089:24)
    at runWithFiberInDEV (http://localhost:3000/_next/static/chunks/88bef_react-reconciler_c3ba74b2._.js:428:20)
    at performUnitOfWork (http://localhost:3000/_next/static/chunks/88bef_react-reconciler_c3ba74b2._.js:6346:87)
    at workLoopSync (http://localhost:3000/_next/static/chunks/88bef_react-reconciler_c3ba74b2._.js:6239:40)
    at renderRootSync (http://localhost:3000/_next/static/chunks/88bef_react-reconciler_c3ba74b2._.js:6222:13)
    at performWorkOnRoot (http://localhost:3000/_next/static/chunks/88bef_react-reconciler_c3ba74b2._.js:5982:56)
    at performWorkOnRootViaSchedulerTask (http://localhost:3000/_next/static/chunks/88bef_react-reconciler_c3ba74b2._.js:1385:9)
    at MessagePort.performWorkUntilDeadline (http://localhost:3000/_next/static/chunks/88bef_8668f7a0._.js:2171:64)
[ 4451531ms] [LOG] [Fast Refresh] done in 56ms @ http://localhost:3000/_next/static/chunks/88bef_next_dist_e00fd810._.js:2287
[ 4451540ms] TypeError: Converting circular structure to JSON
    --> starting at object with constructor 'Object'
    |     property 'children' -> object with constructor 'Array'
    |     index 0 -> object with constructor 'Object'
    --- property 'parent' closes the circle
    at JSON.stringify (<anonymous>)
    at http://localhost:3000/_next/static/chunks/88bef_8668f7a0._.js:3253:18
    at react-stack-bottom-frame (http://localhost:3000/_next/static/chunks/88bef_react-reconciler_c3ba74b2._.js:7165:24)
    at renderWithHooks (http://localhost:3000/_next/static/chunks/88bef_react-reconciler_c3ba74b2._.js:2233:24)
    at updateFunctionComponent (http://localhost:3000/_next/static/chunks/88bef_react-reconciler_c3ba74b2._.js:3497:21)
    at beginWork (http://localhost:3000/_next/static/chunks/88bef_react-reconciler_c3ba74b2._.js:4089:24)
    at runWithFiberInDEV (http://localhost:3000/_next/static/chunks/88bef_react-reconciler_c3ba74b2._.js:428:20)
    at performUnitOfWork (http://localhost:3000/_next/static/chunks/88bef_react-reconciler_c3ba74b2._.js:6346:87)
    at workLoopSync (http://localhost:3000/_next/static/chunks/88bef_react-reconciler_c3ba74b2._.js:6239:40)
    at renderRootSync (http://localhost:3000/_next/static/chunks/88bef_react-reconciler_c3ba74b2._.js:6222:13)
    at performWorkOnRoot (http://localhost:3000/_next/static/chunks/88bef_react-reconciler_c3ba74b2._.js:5982:56)
    at performWorkOnRootViaSchedulerTask (http://localhost:3000/_next/static/chunks/88bef_react-reconciler_c3ba74b2._.js:1385:9)
    at MessagePort.performWorkUntilDeadline (http://localhost:3000/_next/static/chunks/88bef_8668f7a0._.js:2171:64)
[ 4452057ms] [LOG] THREE.WebGLRenderer: Context Lost. @ http://localhost:3000/_next/static/chunks/88bef_next_dist_e00fd810._.js:2287
[ 4467759ms] [LOG] [Fast Refresh] rebuilding @ http://localhost:3000/_next/static/chunks/88bef_next_dist_e00fd810._.js:2287
[ 4467776ms] [WARNING] [Fast Refresh] performing full reload because your application had an unrecoverable error @ http://localhost:3000/_next/static/chunks/88bef_next_dist_e00fd810._.js:2287
[ 4467815ms] [LOG] [Fast Refresh] done in 118ms @ http://localhost:3000/_next/static/chunks/88bef_next_dist_e00fd810._.js:2287
[ 4468018ms] [LOG] [Fast Refresh] rebuilding @ http://localhost:3000/_next/static/chunks/88bef_next_dist_e00fd810._.js:2287
[ 4468020ms] [LOG] [Fast Refresh] done in 197ms @ http://localhost:3000/_next/static/chunks/88bef_next_dist_e00fd810._.js:2287
[ 4468244ms] [INFO] %cDownload the React DevTools for a better development experience: https://react.dev/link/react-devtools font-weight:bold @ http://localhost:3000/_next/static/chunks/88bef_next_dist_e00fd810._.js:2287
[ 4468261ms] [LOG] [HMR] connected @ http://localhost:3000/_next/static/chunks/88bef_next_dist_e00fd810._.js:2287
[ 4468453ms] [ERROR] A props object containing a "key" prop is being spread into JSX:
  let props = %s;
  <%s {...props} />
React keys must be passed directly to JSX without using spread:
  let props = %s;
  <%s key={someKey} {...props} /> {key: someKey, pos: ..., scale: ..., rot: ..., spin: ...} Rock {pos: ..., scale: ..., rot: ..., spin: ...} Rock @ http://localhost:3000/_next/static/chunks/88bef_next_dist_e00fd810._.js:3117
[ 4787640ms] [LOG] [Fast Refresh] rebuilding @ http://localhost:3000/_next/static/chunks/88bef_next_dist_e00fd810._.js:2287
[ 4788840ms] [LOG] [Fast Refresh] done in 863ms @ http://localhost:3000/_next/static/chunks/88bef_next_dist_e00fd810._.js:2287
[ 4806070ms] [LOG] [Fast Refresh] rebuilding @ http://localhost:3000/_next/static/chunks/88bef_next_dist_e00fd810._.js:2287
[ 4806103ms] [LOG] [Fast Refresh] done in 85ms @ http://localhost:3000/_next/static/chunks/88bef_next_dist_e00fd810._.js:2287
[ 4820475ms] [LOG] [Fast Refresh] rebuilding @ http://localhost:3000/_next/static/chunks/88bef_next_dist_e00fd810._.js:2287
[ 4820502ms] [LOG] [Fast Refresh] done in 94ms @ http://localhost:3000/_next/static/chunks/88bef_next_dist_e00fd810._.js:2287
[ 4827962ms] [LOG] [Fast Refresh] rebuilding @ http://localhost:3000/_next/static/chunks/88bef_next_dist_e00fd810._.js:2287
[ 4828056ms] [WARNING] THREE.Texture: Unable to serialize Texture. @ http://localhost:3000/_next/static/chunks/88bef_next_dist_e00fd810._.js:2287
[ 4828056ms] [WARNING] THREE.Texture: Unable to serialize Texture. @ http://localhost:3000/_next/static/chunks/88bef_next_dist_e00fd810._.js:2287
[ 4828056ms] [WARNING] THREE.Texture: Unable to serialize Texture. @ http://localhost:3000/_next/static/chunks/88bef_next_dist_e00fd810._.js:2287
[ 4828057ms] [WARNING] THREE.Texture: Unable to serialize Texture. @ http://localhost:3000/_next/static/chunks/88bef_next_dist_e00fd810._.js:2287
[ 4828057ms] [WARNING] THREE.Texture: Unable to serialize Texture. @ http://localhost:3000/_next/static/chunks/88bef_next_dist_e00fd810._.js:2287
[ 4828057ms] [WARNING] THREE.Texture: Unable to serialize Texture. @ http://localhost:3000/_next/static/chunks/88bef_next_dist_e00fd810._.js:2287
[ 4828057ms] [WARNING] THREE.Texture: Unable to serialize Texture. @ http://localhost:3000/_next/static/chunks/88bef_next_dist_e00fd810._.js:2287
[ 4828057ms] [WARNING] THREE.Texture: Unable to serialize Texture. @ http://localhost:3000/_next/static/chunks/88bef_next_dist_e00fd810._.js:2287
[ 4828057ms] [WARNING] THREE.Texture: Unable to serialize Texture. @ http://localhost:3000/_next/static/chunks/88bef_next_dist_e00fd810._.js:2287
[ 4828057ms] [WARNING] THREE.Texture: Unable to serialize Texture. @ http://localhost:3000/_next/static/chunks/88bef_next_dist_e00fd810._.js:2287
[ 4828058ms] [WARNING] THREE.Texture: Unable to serialize Texture. @ http://localhost:3000/_next/static/chunks/88bef_next_dist_e00fd810._.js:2287
[ 4828058ms] [WARNING] THREE.Texture: Unable to serialize Texture. @ http://localhost:3000/_next/static/chunks/88bef_next_dist_e00fd810._.js:2287
[ 4828058ms] [WARNING] THREE.Texture: Unable to serialize Texture. @ http://localhost:3000/_next/static/chunks/88bef_next_dist_e00fd810._.js:2287
[ 4828058ms] [WARNING] THREE.Texture: Unable to serialize Texture. @ http://localhost:3000/_next/static/chunks/88bef_next_dist_e00fd810._.js:2287
[ 4828059ms] [WARNING] THREE.Texture: Unable to serialize Texture. @ http://localhost:3000/_next/static/chunks/88bef_next_dist_e00fd810._.js:2287
[ 4828059ms] [WARNING] THREE.Texture: Unable to serialize Texture. @ http://localhost:3000/_next/static/chunks/88bef_next_dist_e00fd810._.js:2287
[ 4828059ms] [WARNING] THREE.Texture: Unable to serialize Texture. @ http://localhost:3000/_next/static/chunks/88bef_next_dist_e00fd810._.js:2287
[ 4828059ms] [WARNING] THREE.Texture: Unable to serialize Texture. @ http://localhost:3000/_next/static/chunks/88bef_next_dist_e00fd810._.js:2287
[ 4828059ms] [WARNING] THREE.Texture: Unable to serialize Texture. @ http://localhost:3000/_next/static/chunks/88bef_next_dist_e00fd810._.js:2287
[ 4828059ms] [WARNING] THREE.Texture: Unable to serialize Texture. @ http://localhost:3000/_next/static/chunks/88bef_next_dist_e00fd810._.js:2287
[ 4828059ms] [WARNING] THREE.Texture: Unable to serialize Texture. @ http://localhost:3000/_next/static/chunks/88bef_next_dist_e00fd810._.js:2287
[ 4828059ms] [WARNING] THREE.Texture: Unable to serialize Texture. @ http://localhost:3000/_next/static/chunks/88bef_next_dist_e00fd810._.js:2287
[ 4828059ms] [WARNING] THREE.Texture: Unable to serialize Texture. @ http://localhost:3000/_next/static/chunks/88bef_next_dist_e00fd810._.js:2287
[ 4828059ms] [WARNING] THREE.Texture: Unable to serialize Texture. @ http://localhost:3000/_next/static/chunks/88bef_next_dist_e00fd810._.js:2287
[ 4828059ms] [WARNING] THREE.Texture: Unable to serialize Texture. @ http://localhost:3000/_next/static/chunks/88bef_next_dist_e00fd810._.js:2287
[ 4828059ms] [WARNING] THREE.Texture: Unable to serialize Texture. @ http://localhost:3000/_next/static/chunks/88bef_next_dist_e00fd810._.js:2287
[ 4828059ms] [WARNING] THREE.Texture: Unable to serialize Texture. @ http://localhost:3000/_next/static/chunks/88bef_next_dist_e00fd810._.js:2287
[ 4828059ms] [WARNING] THREE.Texture: Unable to serialize Texture. @ http://localhost:3000/_next/static/chunks/88bef_next_dist_e00fd810._.js:2287
[ 4828059ms] [WARNING] THREE.Texture: Unable to serialize Texture. @ http://localhost:3000/_next/static/chunks/88bef_next_dist_e00fd810._.js:2287
[ 4828068ms] [WARNING] THREE.Texture: Unable to serialize Texture. @ http://localhost:3000/_next/static/chunks/88bef_next_dist_e00fd810._.js:2287
[ 4828068ms] [WARNING] THREE.Texture: Unable to serialize Texture. @ http://localhost:3000/_next/static/chunks/88bef_next_dist_e00fd810._.js:2287
[ 4828068ms] [WARNING] THREE.Texture: Unable to serialize Texture. @ http://localhost:3000/_next/static/chunks/88bef_next_dist_e00fd810._.js:2287
[ 4828069ms] [WARNING] THREE.Texture: Unable to serialize Texture. @ http://localhost:3000/_next/static/chunks/88bef_next_dist_e00fd810._.js:2287
[ 4828069ms] [WARNING] THREE.Texture: Unable to serialize Texture. @ http://localhost:3000/_next/static/chunks/88bef_next_dist_e00fd810._.js:2287
[ 4828069ms] [WARNING] THREE.Texture: Unable to serialize Texture. @ http://localhost:3000/_next/static/chunks/88bef_next_dist_e00fd810._.js:2287
[ 4828069ms] [WARNING] THREE.Texture: Unable to serialize Texture. @ http://localhost:3000/_next/static/chunks/88bef_next_dist_e00fd810._.js:2287
[ 4828069ms] [WARNING] THREE.Texture: Unable to serialize Texture. @ http://localhost:3000/_next/static/chunks/88bef_next_dist_e00fd810._.js:2287
[ 4828069ms] [WARNING] THREE.Texture: Unable to serialize Texture. @ http://localhost:3000/_next/static/chunks/88bef_next_dist_e00fd810._.js:2287
[ 4828069ms] [WARNING] THREE.Texture: Unable to serialize Texture. @ http://localhost:3000/_next/static/chunks/88bef_next_dist_e00fd810._.js:2287
[ 4828069ms] [WARNING] THREE.Texture: Unable to serialize Texture. @ http://localhost:3000/_next/static/chunks/88bef_next_dist_e00fd810._.js:2287
[ 4828069ms] [WARNING] THREE.Texture: Unable to serialize Texture. @ http://localhost:3000/_next/static/chunks/88bef_next_dist_e00fd810._.js:2287
[ 4828069ms] [WARNING] THREE.Texture: Unable to serialize Texture. @ http://localhost:3000/_next/static/chunks/88bef_next_dist_e00fd810._.js:2287
[ 4828069ms] [WARNING] THREE.Texture: Unable to serialize Texture. @ http://localhost:3000/_next/static/chunks/88bef_next_dist_e00fd810._.js:2287
[ 4828069ms] [WARNING] THREE.Texture: Unable to serialize Texture. @ http://localhost:3000/_next/static/chunks/88bef_next_dist_e00fd810._.js:2287
[ 4828069ms] [WARNING] THREE.Texture: Unable to serialize Texture. @ http://localhost:3000/_next/static/chunks/88bef_next_dist_e00fd810._.js:2287
[ 4828069ms] [WARNING] THREE.Texture: Unable to serialize Texture. @ http://localhost:3000/_next/static/chunks/88bef_next_dist_e00fd810._.js:2287
[ 4828069ms] [WARNING] THREE.Texture: Unable to serialize Texture. @ http://localhost:3000/_next/static/chunks/88bef_next_dist_e00fd810._.js:2287
[ 4828069ms] [WARNING] THREE.Texture: Unable to serialize Texture. @ http://localhost:3000/_next/static/chunks/88bef_next_dist_e00fd810._.js:2287
[ 4828069ms] [WARNING] THREE.Texture: Unable to serialize Texture. @ http://localhost:3000/_next/static/chunks/88bef_next_dist_e00fd810._.js:2287
[ 4828070ms] [WARNING] THREE.Texture: Unable to serialize Texture. @ http://localhost:3000/_next/static/chunks/88bef_next_dist_e00fd810._.js:2287
[ 4828070ms] [WARNING] THREE.Texture: Unable to serialize Texture. @ http://localhost:3000/_next/static/chunks/88bef_next_dist_e00fd810._.js:2287
[ 4828070ms] [WARNING] THREE.Texture: Unable to serialize Texture. @ http://localhost:3000/_next/static/chunks/88bef_next_dist_e00fd810._.js:2287
[ 4828070ms] [WARNING] THREE.Texture: Unable to serialize Texture. @ http://localhost:3000/_next/static/chunks/88bef_next_dist_e00fd810._.js:2287
[ 4828070ms] [WARNING] THREE.Texture: Unable to serialize Texture. @ http://localhost:3000/_next/static/chunks/88bef_next_dist_e00fd810._.js:2287
[ 4828070ms] [WARNING] THREE.Texture: Unable to serialize Texture. @ http://localhost:3000/_next/static/chunks/88bef_next_dist_e00fd810._.js:2287
[ 4828070ms] [WARNING] THREE.Texture: Unable to serialize Texture. @ http://localhost:3000/_next/static/chunks/88bef_next_dist_e00fd810._.js:2287
[ 4828070ms] [WARNING] THREE.Texture: Unable to serialize Texture. @ http://localhost:3000/_next/static/chunks/88bef_next_dist_e00fd810._.js:2287
[ 4828070ms] [WARNING] THREE.Texture: Unable to serialize Texture. @ http://localhost:3000/_next/static/chunks/88bef_next_dist_e00fd810._.js:2287
[ 4828075ms] TypeError: Converting circular structure to JSON
    --> starting at object with constructor 'Object'
    |     property 'children' -> object with constructor 'Array'
    |     index 0 -> object with constructor 'Object'
    --- property 'parent' closes the circle
    at JSON.stringify (<anonymous>)
    at http://localhost:3000/_next/static/chunks/88bef_8668f7a0._.js:3253:18
    at react-stack-bottom-frame (http://localhost:3000/_next/static/chunks/88bef_react-reconciler_c3ba74b2._.js:7165:24)
    at renderWithHooks (http://localhost:3000/_next/static/chunks/88bef_react-reconciler_c3ba74b2._.js:2233:24)
    at updateFunctionComponent (http://localhost:3000/_next/static/chunks/88bef_react-reconciler_c3ba74b2._.js:3497:21)
    at beginWork (http://localhost:3000/_next/static/chunks/88bef_react-reconciler_c3ba74b2._.js:4089:24)
    at runWithFiberInDEV (http://localhost:3000/_next/static/chunks/88bef_react-reconciler_c3ba74b2._.js:428:20)
    at performUnitOfWork (http://localhost:3000/_next/static/chunks/88bef_react-reconciler_c3ba74b2._.js:6346:87)
    at workLoopSync (http://localhost:3000/_next/static/chunks/88bef_react-reconciler_c3ba74b2._.js:6239:40)
    at renderRootSync (http://localhost:3000/_next/static/chunks/88bef_react-reconciler_c3ba74b2._.js:6222:13)
    at performWorkOnRoot (http://localhost:3000/_next/static/chunks/88bef_react-reconciler_c3ba74b2._.js:5982:56)
    at performWorkOnRootViaSchedulerTask (http://localhost:3000/_next/static/chunks/88bef_react-reconciler_c3ba74b2._.js:1385:9)
    at MessagePort.performWorkUntilDeadline (http://localhost:3000/_next/static/chunks/88bef_8668f7a0._.js:2171:64)
[ 4828092ms] TypeError: Converting circular structure to JSON
    --> starting at object with constructor 'Object'
    |     property 'children' -> object with constructor 'Array'
    |     index 0 -> object with constructor 'Object'
    --- property 'parent' closes the circle
    at JSON.stringify (<anonymous>)
    at http://localhost:3000/_next/static/chunks/88bef_8668f7a0._.js:3253:18
    at react-stack-bottom-frame (http://localhost:3000/_next/static/chunks/88bef_react-reconciler_c3ba74b2._.js:7165:24)
    at renderWithHooks (http://localhost:3000/_next/static/chunks/88bef_react-reconciler_c3ba74b2._.js:2233:24)
    at updateFunctionComponent (http://localhost:3000/_next/static/chunks/88bef_react-reconciler_c3ba74b2._.js:3497:21)
    at beginWork (http://localhost:3000/_next/static/chunks/88bef_react-reconciler_c3ba74b2._.js:4089:24)
    at runWithFiberInDEV (http://localhost:3000/_next/static/chunks/88bef_react-reconciler_c3ba74b2._.js:428:20)
    at performUnitOfWork (http://localhost:3000/_next/static/chunks/88bef_react-reconciler_c3ba74b2._.js:6346:87)
    at workLoopSync (http://localhost:3000/_next/static/chunks/88bef_react-reconciler_c3ba74b2._.js:6239:40)
    at renderRootSync (http://localhost:3000/_next/static/chunks/88bef_react-reconciler_c3ba74b2._.js:6222:13)
    at performWorkOnRoot (http://localhost:3000/_next/static/chunks/88bef_react-reconciler_c3ba74b2._.js:5982:56)
    at performWorkOnRootViaSchedulerTask (http://localhost:3000/_next/static/chunks/88bef_react-reconciler_c3ba74b2._.js:1385:9)
    at MessagePort.performWorkUntilDeadline (http://localhost:3000/_next/static/chunks/88bef_8668f7a0._.js:2171:64)
[ 4828177ms] [LOG] [Fast Refresh] done in 179ms @ http://localhost:3000/_next/static/chunks/88bef_next_dist_e00fd810._.js:2287
[ 4828601ms] [LOG] THREE.WebGLRenderer: Context Lost. @ http://localhost:3000/_next/static/chunks/88bef_next_dist_e00fd810._.js:2287
[ 4869107ms] [LOG] [Fast Refresh] rebuilding @ http://localhost:3000/_next/static/chunks/88bef_next_dist_e00fd810._.js:2287
[ 4869146ms] [WARNING] [Fast Refresh] performing full reload because your application had an unrecoverable error @ http://localhost:3000/_next/static/chunks/88bef_next_dist_e00fd810._.js:2287
[ 4869195ms] [LOG] [Fast Refresh] done in 139ms @ http://localhost:3000/_next/static/chunks/88bef_next_dist_e00fd810._.js:2287
[ 4869724ms] [INFO] %cDownload the React DevTools for a better development experience: https://react.dev/link/react-devtools font-weight:bold @ http://localhost:3000/_next/static/chunks/88bef_next_dist_e00fd810._.js:2287
[ 4869742ms] [LOG] [HMR] connected @ http://localhost:3000/_next/static/chunks/88bef_next_dist_e00fd810._.js:2287
[ 4869907ms] [ERROR] A props object containing a "key" prop is being spread into JSX:
  let props = %s;
  <%s {...props} />
React keys must be passed directly to JSX without using spread:
  let props = %s;
  <%s key={someKey} {...props} /> {key: someKey, pos: ..., scale: ..., rot: ..., spin: ...} Rock {pos: ..., scale: ..., rot: ..., spin: ...} Rock @ http://localhost:3000/_next/static/chunks/88bef_next_dist_e00fd810._.js:3117
[ 4904649ms] [LOG] [Fast Refresh] rebuilding @ http://localhost:3000/_next/static/chunks/88bef_next_dist_e00fd810._.js:2287
[ 4904656ms] [LOG] [Fast Refresh] done in 78ms @ http://localhost:3000/_next/static/chunks/88bef_next_dist_e00fd810._.js:2287
[ 4912029ms] [LOG] [Fast Refresh] rebuilding @ http://localhost:3000/_next/static/chunks/88bef_next_dist_e00fd810._.js:2287
[ 4912056ms] [LOG] [Fast Refresh] done in 27ms @ http://localhost:3000/_next/static/chunks/88bef_next_dist_e00fd810._.js:2287
[ 4963870ms] [LOG] [Fast Refresh] rebuilding @ http://localhost:3000/_next/static/chunks/88bef_next_dist_e00fd810._.js:2287
[ 4963907ms] [LOG] [Fast Refresh] done in 138ms @ http://localhost:3000/_next/static/chunks/88bef_next_dist_e00fd810._.js:2287
[ 4964222ms] [INFO] %cDownload the React DevTools for a better development experience: https://react.dev/link/react-devtools font-weight:bold @ http://localhost:3000/_next/static/chunks/88bef_next_dist_e00fd810._.js:2287
[ 4964232ms] [LOG] [HMR] connected @ http://localhost:3000/_next/static/chunks/88bef_next_dist_e00fd810._.js:2287
[ 4964485ms] [ERROR] A props object containing a "key" prop is being spread into JSX:
  let props = %s;
  <%s {...props} />
React keys must be passed directly to JSX without using spread:
  let props = %s;
  <%s key={someKey} {...props} /> {key: someKey, pos: ..., scale: ..., rot: ..., spin: ...} Rock {pos: ..., scale: ..., rot: ..., spin: ...} Rock @ http://localhost:3000/_next/static/chunks/88bef_next_dist_e00fd810._.js:3117
[ 5444523ms] [LOG] [Fast Refresh] rebuilding @ http://localhost:3000/_next/static/chunks/88bef_next_dist_e00fd810._.js:2287
[ 5444738ms] [WARNING] THREE.Texture: Unable to serialize Texture. @ http://localhost:3000/_next/static/chunks/88bef_next_dist_e00fd810._.js:2287
[ 5444738ms] [WARNING] THREE.Texture: Unable to serialize Texture. @ http://localhost:3000/_next/static/chunks/88bef_next_dist_e00fd810._.js:2287
[ 5444738ms] [WARNING] THREE.Texture: Unable to serialize Texture. @ http://localhost:3000/_next/static/chunks/88bef_next_dist_e00fd810._.js:2287
[ 5444739ms] [WARNING] THREE.Texture: Unable to serialize Texture. @ http://localhost:3000/_next/static/chunks/88bef_next_dist_e00fd810._.js:2287
[ 5444739ms] [WARNING] THREE.Texture: Unable to serialize Texture. @ http://localhost:3000/_next/static/chunks/88bef_next_dist_e00fd810._.js:2287
[ 5444739ms] [WARNING] THREE.Texture: Unable to serialize Texture. @ http://localhost:3000/_next/static/chunks/88bef_next_dist_e00fd810._.js:2287
[ 5444739ms] [WARNING] THREE.Texture: Unable to serialize Texture. @ http://localhost:3000/_next/static/chunks/88bef_next_dist_e00fd810._.js:2287
[ 5444739ms] [WARNING] THREE.Texture: Unable to serialize Texture. @ http://localhost:3000/_next/static/chunks/88bef_next_dist_e00fd810._.js:2287
[ 5444740ms] [WARNING] THREE.Texture: Unable to serialize Texture. @ http://localhost:3000/_next/static/chunks/88bef_next_dist_e00fd810._.js:2287
[ 5444740ms] [WARNING] THREE.Texture: Unable to serialize Texture. @ http://localhost:3000/_next/static/chunks/88bef_next_dist_e00fd810._.js:2287
[ 5444740ms] [WARNING] THREE.Texture: Unable to serialize Texture. @ http://localhost:3000/_next/static/chunks/88bef_next_dist_e00fd810._.js:2287
[ 5444740ms] [WARNING] THREE.Texture: Unable to serialize Texture. @ http://localhost:3000/_next/static/chunks/88bef_next_dist_e00fd810._.js:2287
[ 5444740ms] [WARNING] THREE.Texture: Unable to serialize Texture. @ http://localhost:3000/_next/static/chunks/88bef_next_dist_e00fd810._.js:2287
[ 5444740ms] [WARNING] THREE.Texture: Unable to serialize Texture. @ http://localhost:3000/_next/static/chunks/88bef_next_dist_e00fd810._.js:2287
[ 5444740ms] [WARNING] THREE.Texture: Unable to serialize Texture. @ http://localhost:3000/_next/static/chunks/88bef_next_dist_e00fd810._.js:2287
[ 5444740ms] [WARNING] THREE.Texture: Unable to serialize Texture. @ http://localhost:3000/_next/static/chunks/88bef_next_dist_e00fd810._.js:2287
[ 5444740ms] [WARNING] THREE.Texture: Unable to serialize Texture. @ http://localhost:3000/_next/static/chunks/88bef_next_dist_e00fd810._.js:2287
[ 5444740ms] [WARNING] THREE.Texture: Unable to serialize Texture. @ http://localhost:3000/_next/static/chunks/88bef_next_dist_e00fd810._.js:2287
[ 5444740ms] [WARNING] THREE.Texture: Unable to serialize Texture. @ http://localhost:3000/_next/static/chunks/88bef_next_dist_e00fd810._.js:2287
[ 5444740ms] [WARNING] THREE.Texture: Unable to serialize Texture. @ http://localhost:3000/_next/static/chunks/88bef_next_dist_e00fd810._.js:2287
[ 5444740ms] [WARNING] THREE.Texture: Unable to serialize Texture. @ http://localhost:3000/_next/static/chunks/88bef_next_dist_e00fd810._.js:2287
[ 5444740ms] [WARNING] THREE.Texture: Unable to serialize Texture. @ http://localhost:3000/_next/static/chunks/88bef_next_dist_e00fd810._.js:2287
[ 5444740ms] [WARNING] THREE.Texture: Unable to serialize Texture. @ http://localhost:3000/_next/static/chunks/88bef_next_dist_e00fd810._.js:2287
[ 5444740ms] [WARNING] THREE.Texture: Unable to serialize Texture. @ http://localhost:3000/_next/static/chunks/88bef_next_dist_e00fd810._.js:2287
[ 5444740ms] [WARNING] THREE.Texture: Unable to serialize Texture. @ http://localhost:3000/_next/static/chunks/88bef_next_dist_e00fd810._.js:2287
[ 5444740ms] [WARNING] THREE.Texture: Unable to serialize Texture. @ http://localhost:3000/_next/static/chunks/88bef_next_dist_e00fd810._.js:2287
[ 5444740ms] [WARNING] THREE.Texture: Unable to serialize Texture. @ http://localhost:3000/_next/static/chunks/88bef_next_dist_e00fd810._.js:2287
[ 5444740ms] [WARNING] THREE.Texture: Unable to serialize Texture. @ http://localhost:3000/_next/static/chunks/88bef_next_dist_e00fd810._.js:2287
[ 5444741ms] [WARNING] THREE.Texture: Unable to serialize Texture. @ http://localhost:3000/_next/static/chunks/88bef_next_dist_e00fd810._.js:2287
[ 5444751ms] [WARNING] THREE.Texture: Unable to serialize Texture. @ http://localhost:3000/_next/static/chunks/88bef_next_dist_e00fd810._.js:2287
[ 5444752ms] [WARNING] THREE.Texture: Unable to serialize Texture. @ http://localhost:3000/_next/static/chunks/88bef_next_dist_e00fd810._.js:2287
[ 5444752ms] [WARNING] THREE.Texture: Unable to serialize Texture. @ http://localhost:3000/_next/static/chunks/88bef_next_dist_e00fd810._.js:2287
[ 5444752ms] [WARNING] THREE.Texture: Unable to serialize Texture. @ http://localhost:3000/_next/static/chunks/88bef_next_dist_e00fd810._.js:2287
[ 5444752ms] [WARNING] THREE.Texture: Unable to serialize Texture. @ http://localhost:3000/_next/static/chunks/88bef_next_dist_e00fd810._.js:2287
[ 5444753ms] [WARNING] THREE.Texture: Unable to serialize Texture. @ http://localhost:3000/_next/static/chunks/88bef_next_dist_e00fd810._.js:2287
[ 5444753ms] [WARNING] THREE.Texture: Unable to serialize Texture. @ http://localhost:3000/_next/static/chunks/88bef_next_dist_e00fd810._.js:2287
[ 5444753ms] [WARNING] THREE.Texture: Unable to serialize Texture. @ http://localhost:3000/_next/static/chunks/88bef_next_dist_e00fd810._.js:2287
[ 5444753ms] [WARNING] THREE.Texture: Unable to serialize Texture. @ http://localhost:3000/_next/static/chunks/88bef_next_dist_e00fd810._.js:2287
[ 5444753ms] [WARNING] THREE.Texture: Unable to serialize Texture. @ http://localhost:3000/_next/static/chunks/88bef_next_dist_e00fd810._.js:2287
[ 5444753ms] [WARNING] THREE.Texture: Unable to serialize Texture. @ http://localhost:3000/_next/static/chunks/88bef_next_dist_e00fd810._.js:2287
[ 5444753ms] [WARNING] THREE.Texture: Unable to serialize Texture. @ http://localhost:3000/_next/static/chunks/88bef_next_dist_e00fd810._.js:2287
[ 5444753ms] [WARNING] THREE.Texture: Unable to serialize Texture. @ http://localhost:3000/_next/static/chunks/88bef_next_dist_e00fd810._.js:2287
[ 5444753ms] [WARNING] THREE.Texture: Unable to serialize Texture. @ http://localhost:3000/_next/static/chunks/88bef_next_dist_e00fd810._.js:2287
[ 5444753ms] [WARNING] THREE.Texture: Unable to serialize Texture. @ http://localhost:3000/_next/static/chunks/88bef_next_dist_e00fd810._.js:2287
[ 5444753ms] [WARNING] THREE.Texture: Unable to serialize Texture. @ http://localhost:3000/_next/static/chunks/88bef_next_dist_e00fd810._.js:2287
[ 5444753ms] [WARNING] THREE.Texture: Unable to serialize Texture. @ http://localhost:3000/_next/static/chunks/88bef_next_dist_e00fd810._.js:2287
[ 5444753ms] [WARNING] THREE.Texture: Unable to serialize Texture. @ http://localhost:3000/_next/static/chunks/88bef_next_dist_e00fd810._.js:2287
[ 5444753ms] [WARNING] THREE.Texture: Unable to serialize Texture. @ http://localhost:3000/_next/static/chunks/88bef_next_dist_e00fd810._.js:2287
[ 5444753ms] [WARNING] THREE.Texture: Unable to serialize Texture. @ http://localhost:3000/_next/static/chunks/88bef_next_dist_e00fd810._.js:2287
[ 5444753ms] [WARNING] THREE.Texture: Unable to serialize Texture. @ http://localhost:3000/_next/static/chunks/88bef_next_dist_e00fd810._.js:2287
[ 5444753ms] [WARNING] THREE.Texture: Unable to serialize Texture. @ http://localhost:3000/_next/static/chunks/88bef_next_dist_e00fd810._.js:2287
[ 5444753ms] [WARNING] THREE.Texture: Unable to serialize Texture. @ http://localhost:3000/_next/static/chunks/88bef_next_dist_e00fd810._.js:2287
[ 5444754ms] [WARNING] THREE.Texture: Unable to serialize Texture. @ http://localhost:3000/_next/static/chunks/88bef_next_dist_e00fd810._.js:2287
[ 5444754ms] [WARNING] THREE.Texture: Unable to serialize Texture. @ http://localhost:3000/_next/static/chunks/88bef_next_dist_e00fd810._.js:2287
[ 5444754ms] [WARNING] THREE.Texture: Unable to serialize Texture. @ http://localhost:3000/_next/static/chunks/88bef_next_dist_e00fd810._.js:2287
[ 5444754ms] [WARNING] THREE.Texture: Unable to serialize Texture. @ http://localhost:3000/_next/static/chunks/88bef_next_dist_e00fd810._.js:2287
[ 5444754ms] [WARNING] THREE.Texture: Unable to serialize Texture. @ http://localhost:3000/_next/static/chunks/88bef_next_dist_e00fd810._.js:2287
[ 5444754ms] [WARNING] THREE.Texture: Unable to serialize Texture. @ http://localhost:3000/_next/static/chunks/88bef_next_dist_e00fd810._.js:2287
[ 5444763ms] TypeError: Converting circular structure to JSON
    --> starting at object with constructor 'Object'
    |     property 'children' -> object with constructor 'Array'
    |     index 0 -> object with constructor 'Object'
    --- property 'parent' closes the circle
    at JSON.stringify (<anonymous>)
    at http://localhost:3000/_next/static/chunks/88bef_999477f1._.js:3253:18
    at react-stack-bottom-frame (http://localhost:3000/_next/static/chunks/88bef_react-reconciler_c3ba74b2._.js:7165:24)
    at renderWithHooks (http://localhost:3000/_next/static/chunks/88bef_react-reconciler_c3ba74b2._.js:2233:24)
    at updateFunctionComponent (http://localhost:3000/_next/static/chunks/88bef_react-reconciler_c3ba74b2._.js:3497:21)
    at beginWork (http://localhost:3000/_next/static/chunks/88bef_react-reconciler_c3ba74b2._.js:4089:24)
    at runWithFiberInDEV (http://localhost:3000/_next/static/chunks/88bef_react-reconciler_c3ba74b2._.js:428:20)
    at performUnitOfWork (http://localhost:3000/_next/static/chunks/88bef_react-reconciler_c3ba74b2._.js:6346:87)
    at workLoopSync (http://localhost:3000/_next/static/chunks/88bef_react-reconciler_c3ba74b2._.js:6239:40)
    at renderRootSync (http://localhost:3000/_next/static/chunks/88bef_react-reconciler_c3ba74b2._.js:6222:13)
    at performWorkOnRoot (http://localhost:3000/_next/static/chunks/88bef_react-reconciler_c3ba74b2._.js:5982:56)
    at performWorkOnRootViaSchedulerTask (http://localhost:3000/_next/static/chunks/88bef_react-reconciler_c3ba74b2._.js:1385:9)
    at MessagePort.performWorkUntilDeadline (http://localhost:3000/_next/static/chunks/88bef_999477f1._.js:2171:64)
[ 5444760ms] [LOG] [Fast Refresh] done in 160ms @ http://localhost:3000/_next/static/chunks/88bef_next_dist_e00fd810._.js:2287
[ 5444790ms] TypeError: Converting circular structure to JSON
    --> starting at object with constructor 'Object'
    |     property 'children' -> object with constructor 'Array'
    |     index 0 -> object with constructor 'Object'
    --- property 'parent' closes the circle
    at JSON.stringify (<anonymous>)
    at http://localhost:3000/_next/static/chunks/88bef_999477f1._.js:3253:18
    at react-stack-bottom-frame (http://localhost:3000/_next/static/chunks/88bef_react-reconciler_c3ba74b2._.js:7165:24)
    at renderWithHooks (http://localhost:3000/_next/static/chunks/88bef_react-reconciler_c3ba74b2._.js:2233:24)
    at updateFunctionComponent (http://localhost:3000/_next/static/chunks/88bef_react-reconciler_c3ba74b2._.js:3497:21)
    at beginWork (http://localhost:3000/_next/static/chunks/88bef_react-reconciler_c3ba74b2._.js:4089:24)
    at runWithFiberInDEV (http://localhost:3000/_next/static/chunks/88bef_react-reconciler_c3ba74b2._.js:428:20)
    at performUnitOfWork (http://localhost:3000/_next/static/chunks/88bef_react-reconciler_c3ba74b2._.js:6346:87)
    at workLoopSync (http://localhost:3000/_next/static/chunks/88bef_react-reconciler_c3ba74b2._.js:6239:40)
    at renderRootSync (http://localhost:3000/_next/static/chunks/88bef_react-reconciler_c3ba74b2._.js:6222:13)
    at performWorkOnRoot (http://localhost:3000/_next/static/chunks/88bef_react-reconciler_c3ba74b2._.js:5982:56)
    at performWorkOnRootViaSchedulerTask (http://localhost:3000/_next/static/chunks/88bef_react-reconciler_c3ba74b2._.js:1385:9)
    at MessagePort.performWorkUntilDeadline (http://localhost:3000/_next/static/chunks/88bef_999477f1._.js:2171:64)
[ 5445312ms] [LOG] THREE.WebGLRenderer: Context Lost. @ http://localhost:3000/_next/static/chunks/88bef_next_dist_e00fd810._.js:2287
[ 5464977ms] [LOG] [Fast Refresh] rebuilding @ http://localhost:3000/_next/static/chunks/88bef_next_dist_e00fd810._.js:2287
[ 5464981ms] [WARNING] [Fast Refresh] performing full reload because your application had an unrecoverable error @ http://localhost:3000/_next/static/chunks/88bef_next_dist_e00fd810._.js:2287
[ 5465028ms] [LOG] [Fast Refresh] done in 76ms @ http://localhost:3000/_next/static/chunks/88bef_next_dist_e00fd810._.js:2287
[ 5465252ms] [LOG] [Fast Refresh] rebuilding @ http://localhost:3000/_next/static/chunks/88bef_next_dist_e00fd810._.js:2287
[ 5465263ms] [LOG] [Fast Refresh] done in 221ms @ http://localhost:3000/_next/static/chunks/88bef_next_dist_e00fd810._.js:2287
[ 5465581ms] [INFO] %cDownload the React DevTools for a better development experience: https://react.dev/link/react-devtools font-weight:bold @ http://localhost:3000/_next/static/chunks/88bef_next_dist_e00fd810._.js:2287
[ 5465610ms] [LOG] [HMR] connected @ http://localhost:3000/_next/static/chunks/88bef_next_dist_e00fd810._.js:2287
[ 5465780ms] [ERROR] A props object containing a "key" prop is being spread into JSX:
  let props = %s;
  <%s {...props} />
React keys must be passed directly to JSX without using spread:
  let props = %s;
  <%s key={someKey} {...props} /> {key: someKey, pos: ..., scale: ..., rot: ..., spin: ...} Rock {pos: ..., scale: ..., rot: ..., spin: ...} Rock @ http://localhost:3000/_next/static/chunks/88bef_next_dist_e00fd810._.js:3117
[ 5473360ms] [LOG] [Fast Refresh] rebuilding @ http://localhost:3000/_next/static/chunks/88bef_next_dist_e00fd810._.js:2287
[ 5473422ms] [LOG] [Fast Refresh] done in 163ms @ http://localhost:3000/_next/static/chunks/88bef_next_dist_e00fd810._.js:2287
[ 5494526ms] [LOG] [Fast Refresh] rebuilding @ http://localhost:3000/_next/static/chunks/88bef_next_dist_e00fd810._.js:2287
[ 5494561ms] [LOG] [Fast Refresh] done in 110ms @ http://localhost:3000/_next/static/chunks/88bef_next_dist_e00fd810._.js:2287
[ 5499344ms] [LOG] [Fast Refresh] rebuilding @ http://localhost:3000/_next/static/chunks/88bef_next_dist_e00fd810._.js:2287
[ 5499374ms] [LOG] [Fast Refresh] done in 33ms @ http://localhost:3000/_next/static/chunks/88bef_next_dist_e00fd810._.js:2287
[ 5548810ms] [LOG] [Fast Refresh] rebuilding @ http://localhost:3000/_next/static/chunks/88bef_next_dist_e00fd810._.js:2287
[ 5548838ms] [LOG] [Fast Refresh] done in 64ms @ http://localhost:3000/_next/static/chunks/88bef_next_dist_e00fd810._.js:2287
[ 5736055ms] [LOG] [Fast Refresh] rebuilding @ http://localhost:3000/_next/static/chunks/88bef_next_dist_e00fd810._.js:2287
[ 5736181ms] [LOG] [Fast Refresh] done in 227ms @ http://localhost:3000/_next/static/chunks/88bef_next_dist_e00fd810._.js:2287
[ 5736633ms] [INFO] %cDownload the React DevTools for a better development experience: https://react.dev/link/react-devtools font-weight:bold @ http://localhost:3000/_next/static/chunks/88bef_next_dist_e00fd810._.js:2287
[ 5736657ms] [LOG] [HMR] connected @ http://localhost:3000/_next/static/chunks/88bef_next_dist_e00fd810._.js:2287
[ 5736785ms] [ERROR] A props object containing a "key" prop is being spread into JSX:
  let props = %s;
  <%s {...props} />
React keys must be passed directly to JSX without using spread:
  let props = %s;
  <%s key={someKey} {...props} /> {key: someKey, pos: ..., scale: ..., rot: ..., spin: ...} Rock {pos: ..., scale: ..., rot: ..., spin: ...} Rock @ http://localhost:3000/_next/static/chunks/88bef_next_dist_e00fd810._.js:3117
[ 6000674ms] [LOG] [Fast Refresh] rebuilding @ http://localhost:3000/_next/static/chunks/88bef_next_dist_e00fd810._.js:2287
[ 6000725ms] [LOG] [Fast Refresh] done in 124ms @ http://localhost:3000/_next/static/chunks/88bef_next_dist_e00fd810._.js:2287
[ 6008858ms] [LOG] [Fast Refresh] rebuilding @ http://localhost:3000/_next/static/chunks/88bef_next_dist_e00fd810._.js:2287
[ 6008868ms] [LOG] [Fast Refresh] done in 48ms @ http://localhost:3000/_next/static/chunks/88bef_next_dist_e00fd810._.js:2287
[ 6026366ms] [LOG] [Fast Refresh] rebuilding @ http://localhost:3000/_next/static/chunks/88bef_next_dist_e00fd810._.js:2287
[ 6026392ms] [LOG] [Fast Refresh] done in 62ms @ http://localhost:3000/_next/static/chunks/88bef_next_dist_e00fd810._.js:2287
[ 6032046ms] [LOG] [Fast Refresh] rebuilding @ http://localhost:3000/_next/static/chunks/88bef_next_dist_e00fd810._.js:2287
[ 6032058ms] [LOG] [Fast Refresh] done in 40ms @ http://localhost:3000/_next/static/chunks/88bef_next_dist_e00fd810._.js:2287
[ 6089289ms] [LOG] [Fast Refresh] rebuilding @ http://localhost:3000/_next/static/chunks/88bef_next_dist_e00fd810._.js:2287
[ 6089351ms] [LOG] [Fast Refresh] done in 128ms @ http://localhost:3000/_next/static/chunks/88bef_next_dist_e00fd810._.js:2287
[ 6098279ms] [LOG] [Fast Refresh] rebuilding @ http://localhost:3000/_next/static/chunks/88bef_next_dist_e00fd810._.js:2287
[ 6098307ms] [LOG] [Fast Refresh] done in 98ms @ http://localhost:3000/_next/static/chunks/88bef_next_dist_e00fd810._.js:2287
[ 6138302ms] [LOG] [Fast Refresh] rebuilding @ http://localhost:3000/_next/static/chunks/88bef_next_dist_e00fd810._.js:2287
[ 6138358ms] [LOG] [Fast Refresh] done in 156ms @ http://localhost:3000/_next/static/chunks/88bef_next_dist_e00fd810._.js:2287
[ 6138721ms] [INFO] %cDownload the React DevTools for a better development experience: https://react.dev/link/react-devtools font-weight:bold @ http://localhost:3000/_next/static/chunks/88bef_next_dist_e00fd810._.js:2287
[ 6138760ms] [LOG] [HMR] connected @ http://localhost:3000/_next/static/chunks/88bef_next_dist_e00fd810._.js:2287
[ 6138944ms] [ERROR] A props object containing a "key" prop is being spread into JSX:
  let props = %s;
  <%s {...props} />
React keys must be passed directly to JSX without using spread:
  let props = %s;
  <%s key={someKey} {...props} /> {key: someKey, pos: ..., scale: ..., rot: ..., spin: ...} Rock {pos: ..., scale: ..., rot: ..., spin: ...} Rock @ http://localhost:3000/_next/static/chunks/88bef_next_dist_e00fd810._.js:3117
[ 8027407ms] [LOG] [HMR] connected @ http://localhost:3000/_next/static/chunks/88bef_next_dist_e00fd810._.js:2287
[ 9301965ms] [LOG] [Fast Refresh] rebuilding @ http://localhost:3000/_next/static/chunks/88bef_next_dist_e00fd810._.js:2287
[ 9302224ms] [LOG] [Fast Refresh] done in 366ms @ http://localhost:3000/_next/static/chunks/88bef_next_dist_e00fd810._.js:2287
[15914207ms] [LOG] [Fast Refresh] rebuilding @ http://localhost:3000/_next/static/chunks/88bef_next_dist_e00fd810._.js:2287
[15914363ms] [LOG] [Fast Refresh] done in 264ms @ http://localhost:3000/_next/static/chunks/88bef_next_dist_e00fd810._.js:2287
[38119462ms] [LOG] [Fast Refresh] rebuilding @ http://localhost:3000/_next/static/chunks/88bef_next_dist_e00fd810._.js:2287
[38119663ms] [LOG] [Fast Refresh] done in 313ms @ http://localhost:3000/_next/static/chunks/88bef_next_dist_e00fd810._.js:2287
[49636048ms] [LOG] [Fast Refresh] rebuilding @ http://localhost:3000/_next/static/chunks/88bef_next_dist_e00fd810._.js:2287
[49636935ms] [LOG] [Fast Refresh] done in 1162ms @ http://localhost:3000/_next/static/chunks/88bef_next_dist_e00fd810._.js:2287
[51504676ms] [LOG] [HMR] connected @ http://localhost:3000/_next/static/chunks/88bef_next_dist_e00fd810._.js:2287
[51504859ms] [LOG] [Fast Refresh] rebuilding @ http://localhost:3000/_next/static/chunks/88bef_next_dist_e00fd810._.js:2287
[51505011ms] [LOG] [Fast Refresh] done in 260ms @ http://localhost:3000/_next/static/chunks/88bef_next_dist_e00fd810._.js:2287
[54592554ms] [INFO] %cDownload the React DevTools for a better development experience: https://react.dev/link/react-devtools font-weight:bold @ http://localhost:3000/_next/static/chunks/88bef_next_dist_e00fd810._.js:2287
[54592713ms] [LOG] [HMR] connected @ http://localhost:3000/_next/static/chunks/88bef_next_dist_e00fd810._.js:2287
[54592899ms] [ERROR] A props object containing a "key" prop is being spread into JSX:
  let props = %s;
  <%s {...props} />
React keys must be passed directly to JSX without using spread:
  let props = %s;
  <%s key={someKey} {...props} /> {key: someKey, pos: ..., scale: ..., rot: ..., spin: ...} Rock {pos: ..., scale: ..., rot: ..., spin: ...} Rock @ http://localhost:3000/_next/static/chunks/88bef_next_dist_e00fd810._.js:3117
